Back_IR_Emissivity,Back_Solar_Reflectance,Back_Visible_Reflectance,Conductivity,Density,Dirt_Correction_Factor,Front_IR_Emissivity,Front_Solar_Reflectance,Front_Visible_Reflectance,Heater_Fuel_Type,Heater_Maximum_Capacity,Heater_Thermal_Efficiency,IR_Transmittance,Name,Optical_Data_Type,Roughness,Setpoint_Temperature_Schedule_Name,Solar_Absorptance,Solar_Diffusing,Solar_Transmittance,Specific_Heat,Tank_Volume,Thermal_Absorptance,Thermal_Resistance,Thickness,Use_Flow_Rate_Fraction_Schedule_Name,Visible_Absorptance,Visible_Transmittance,cooling_day_setpoint,cooling_night_setpoint,default_heater_capacity_w,default_tank_volume_liters,dhw_daily_liters,dhw_fraction_schedule,dhw_heater_capacity_w,dhw_heater_fuel_type,dhw_heater_thermal_eff,dhw_occupant_count,dhw_peak_flow_m3s,dhw_setpoint_schedule,dhw_tank_volume_m3,dhw_waterheater_object_name,doors_R_value,doors_R_value_range_used,doors_U_value,doors_U_value_range_used,doors_area_m2,doors_construction_name,doors_opq_material_name,doors_win_material_name,doors_window_construction_name,equip_fraction_lost,equip_fraction_radiant,exterior_wall_R_value,exterior_wall_R_value_range_used,exterior_wall_U_value,exterior_wall_U_value_range_used,exterior_wall_area_m2,exterior_wall_construction_name,exterior_wall_opq_material_name,exterior_wall_win_material_name,exterior_wall_window_construction_name,f_ctrl,f_ctrl_range,fan_pressure,fan_pressure_range,fenestration_objects,final_wwr,flat_roof_R_value,flat_roof_R_value_range_used,flat_roof_U_value,flat_roof_U_value_range_used,flat_roof_area_m2,flat_roof_construction_name,flat_roof_opq_material_name,flat_roof_win_material_name,flat_roof_window_construction_name,flow_exponent,ground_floor_R_value,ground_floor_R_value_range_used,ground_floor_U_value,ground_floor_U_value_range_used,ground_floor_area_m2,ground_floor_construction_name,ground_floor_opq_material_name,ground_floor_win_material_name,ground_floor_window_construction_name,heating_day_setpoint,heating_night_setpoint,hrv_eff,hrv_eff_range,infiltration_base,infiltration_base_range,infiltration_schedule_name,infiltration_total_m3_s,inter_floor_R_value,inter_floor_R_value_range_used,inter_floor_U_value,inter_floor_U_value_range_used,inter_floor_area_m2,inter_floor_construction_name,inter_floor_opq_material_name,inter_floor_win_material_name,inter_floor_window_construction_name,interior_wall_R_value,interior_wall_R_value_range_used,interior_wall_U_value,interior_wall_U_value_range_used,interior_wall_area_m2,interior_wall_construction_name,interior_wall_opq_material_name,interior_wall_win_material_name,interior_wall_window_construction_name,lights_fraction_radiant,lights_fraction_replaceable,lights_fraction_visible,lights_wm2,liters_per_person_per_day,max_heating_supply_air_temp,min_cooling_supply_air_temp,obj_type,occupant_density_m2_per_person,parasitic_wm2,peak_hours,roughness,sched_afternoon,sched_evening,sched_morning,sched_peak,setpoint_c,system_type,tD,tN,top_opaque_material_name,top_window_material_name,usage_split_factor,ventilation_schedule_name,ventilation_total_m3_s,window1C_construction,windows_R_value,windows_R_value_range_used,windows_U_value,windows_U_value_range_used,windows_area_m2,windows_construction_name,windows_opq_material_name,windows_win_material_name,windows_window_construction_name,wwr,wwr_range_used,year_factor,year_factor_range,error
0.6858451863395905,0.06434493707797335,0.06784527133609387,0.8782487109056125,2545.4513997607633,1.1027010646427338,0.9885358519297306,0.07055411885498548,0.060658356078104894,9.816770524999204e-05,4470.892787774676,0.9746989162186979,7.786279587179218e-05,3.306369560362618e-05,1.2708398526535159e-06,9.868784245955249e-05,6.573806119184203e-05,0.6894080154489679,1.4819361915618501e-06,0.7368841499426209,993.1948674151251,0.256849494698122,0.902053632477833,4.231853663833128,0.00293712522728181,7.553555491094859e-05,0.5658490308238583,0.7393348297499179,30.68093009830845,25.56264318769061,4911.82059971984,335.2656595865613,51.42651954177903,3.540843655856097e-05,3967.3531383385866,3.730499344015215e-05,1.0259604497453343,0.9191510816828637,2.2765563542748544e-06,5.174765475733736e-05,0.31408532248415577,7.301632173637815e-05,1.018154513628391,3.550017574026322e-05,3.2426865558187035,4.8573928262013666e-05,6.2167555570271,1.248524857543829e-05,9.718941144151445e-05,7.848234058879326e-05,1.7029248726055437e-05,9.330330819424757e-05,3.8154425603915386e-05,2.587567911574439,9.841865845424349e-05,0.30922190015705203,1.0662135948006669e-05,115.72058744142998,4.394710058855964e-05,4.14092453986602e-05,5.255546307453462e-05,6.295611154438564e-05,0.9362177332699422,7.352308862013405e-05,9.983588940420599e-05,3.5580177039331584e-06,7.72050809240928e-05,0.2333712105111099,2.0039450131729493,4.9328154390531676e-05,0.33994660291241763,1.692006846391181e-05,89.6349662556915,9.042027245107993e-05,7.842387960903453e-05,1.1199686631357176e-06,4.36576236730345e-06,0.6218972624872707,2.790252058376983,2.5694437258820926e-05,0.333726499836861,4.171316658592469e-05,81.30271312355755,1.0426133765194091e-05,4.431199366840894e-05,6.453923215626005e-05,3.558207928252273e-05,22.064075309374473,12.830150325291115,4.135729879710738e-05,3.5712689124756115e-08,1.3379473105498656,2.16078398949099e-05,9.697059697197886e-05,0.0019574279911479674,1.915134008567594,5.793874901555568e-05,0.5980129846441398,3.274628633157517e-06,48.48788134266144,3.6198936142329875e-05,9.456187819009693e-05,4.980797654164544e-05,4.541178223594794e-05,1.3303978280209294,7.080751401602437e-05,0.6723103062480611,8.861814487191084e-05,58.228441183009835,2.2317815621645465e-05,5.650245412801749e-05,3.922971629509525e-05,7.457857299663041e-05,9.147540536438964e-05,4.7285788870237124e-05,1.3284522783778863e-05,8.366521345003054e-05,57.61586718670878,40.557198501531076,13.276123971961484,5.4979228639573186e-05,27.39098550826111,6.557809908348138e-05,1.9178422068243683,3.6628572899733115e-05,0.2370589194310979,0.9650276662414731,0.811429514854801,1.121162312320249,57.80791999809142,3.195795492645776e-05,7.518594415359689e-05,3.8054819349993443e-05,7.404076440199387e-05,7.458583727718848e-05,0.4832180818034286,3.5051482111471114e-05,0.029753133526213022,9.004154720559071e-05,1.0653321962996936,4.044302274197609e-07,3.055394242447447,3.2772825606234525e-05,24.812242756837584,6.307852974798793e-05,7.567921321424584e-05,2.7236606949357203e-05,5.426908157057875e-06,0.235517132838579,6.535860560808863e-05,1.0513712376793642,1.3885776635738645e-05,17983.964528564593
0.9071594312864308,0.07675790890765681,0.060547669717122464,1.0157744757060643,2183.534948546151,1.0914133375923332,0.8715401769534896,0.07120712700643811,0.07009895076569961,2.2131461534750263e-05,4217.073108312301,0.9031304759075551,6.0911583656269176e-05,7.188847762790229e-05,9.860453646660362e-05,1.5010062486326726e-05,5.097213521021029e-05,0.6649843958362416,8.980269505472793e-05,0.8536148634096845,756.1008889935739,0.29200776041770327,0.9168408307157145,4.643553552320742,0.003123192286861911,8.379216773815479e-07,0.7190010858063652,0.7833094461531565,21.839854389776427,26.218818482170214,3766.1371924099262,388.13440238482315,43.34380747789857,7.73406874522471e-06,4140.78819400896,3.076077960451078e-05,0.9872908747146185,0.9743404933766444,2.774882267160162e-06,8.713492571355664e-05,0.3314493272189605,1.7217044344465916e-05,1.0147727010014298,6.249707610168325e-05,2.800941208265291,4.1299424706591997e-05,6.322646701839164,2.6326883969698602e-05,9.368154647009292e-05,7.72806761970699e-05,2.5859131772290478e-05,2.236847428465635e-05,9.458241388194765e-05,2.987049701344443,8.21237345525597e-05,0.38821850293488924,8.504036409142929e-05,118.7861357079712,1.623799174706967e-05,5.419919691341055e-05,8.982187449625596e-05,3.2217508246361115e-05,1.029407964631793,5.388872129612176e-05,5.707922579765307e-05,2.9739882783687267e-05,4.472156633671498e-06,0.21667201638077543,2.5115104090719402,6.519034884023975e-05,0.43423891874451037,4.318713666466324e-05,69.58328949030802,2.806003108033417e-05,8.974016720823443e-05,2.723359344535592e-05,9.515066630363493e-05,0.5894440678187477,2.86324682882263,3.7525243757205295e-05,0.41875999154102406,7.014746636470761e-05,56.63876319480931,9.239427992480665e-05,1.4382076338725325e-05,8.7894579243718e-05,4.2245721884466896e-05,21.57166204758305,15.403379175138257,3.702523727847572e-05,4.702627150524635e-05,1.0107046145105247,8.066812414258081e-05,5.627196458642714e-06,0.0019707522667997113,2.1316652433851355,9.660908469406839e-05,0.5432552180498837,4.869722456066317e-07,66.37187468334035,8.293152706777556e-05,1.3264852588647125e-05,7.438683691070487e-05,4.661821360464954e-05,1.216912386815148,8.355815264560033e-05,0.5879994894847759,9.252261990850805e-05,44.3782621566503,3.0640042509341185e-05,3.814443949294452e-05,1.9469361434556698e-05,8.416698798550804e-06,6.543451561236277e-05,3.11028429675566e-05,6.213664436171111e-05,6.829698294351526e-05,64.21235815459772,49.569758523439575,14.784305008557645,7.835357288252363e-05,34.708998845067136,1.1521821052693026e-05,1.9168460918369514,2.1745540558929666e-05,0.21049831071016278,0.6755166532600382,0.8413073198105613,0.9574008086901529,59.05722959159953,6.611298794029533e-05,4.0358503392323596e-05,7.64794875376318e-06,6.924123462800913e-06,8.214114935302304e-05,0.5395392423550812,8.728155740066468e-06,0.03582872144841821,7.48841784110533e-05,0.9137587236186352,7.126084301071311e-05,2.337172640147468,9.774623768968304e-05,26.377451033070194,2.898341272957449e-05,1.9279691140202994e-05,2.265208851981855e-05,5.0622213153244225e-05,0.19900722928173623,5.750064949078443e-05,1.0531899143058792,9.349944207654107e-05,16187.367768628128
0.6775398173412686,0.08345776027972755,0.07446901940968736,1.060666432080274,2744.176394304218,1.1555571743484019,0.9027057835231077,0.065603709537136,0.06016381018385796,7.224167688449049e-05,3401.0888136420904,0.9058716382728875,9.937970131060236e-05,5.065131425907307e-05,9.296438366150191e-05,5.438579706035477e-05,9.08837312980494e-05,0.7236225535371822,7.157476701707788e-06,0.686462774680763,1104.0703642797862,0.3135202505350378,0.8211960896136796,4.219188761751362,0.003433883696434567,5.600661334864573e-05,0.8039459603003271,0.8292975381381518,29.303706145658005,28.52956678192297,5270.970852963007,315.0954531734588,53.06502135023963,3.414475265841477e-05,3734.544345298296,6.0843736932403975e-05,0.7874910730732236,0.8083997079852093,2.4124214760517105e-06,3.911993747770435e-05,0.29476301835362534,4.923552385949134e-05,0.87754525537209,3.256699520777889e-05,3.3094330023377543,5.9439485248624205e-05,6.5835505035633375,8.162005780877917e-05,8.231072917084692e-05,2.0027013167043475e-05,6.542601800518412e-05,5.0132535103742275e-05,6.422499899069025e-05,2.2409969418846396,8.865876914627028e-05,0.32894676775877085,7.736707083189912e-05,113.70919949945991,9.561939028183939e-05,4.0088110995455875e-05,2.7846645506189862e-05,6.959926690511331e-05,0.9574430201676588,4.136043758304656e-05,7.609879334441118e-05,9.484729774615066e-05,4.6149002702790325e-05,0.21610004114124703,2.1354825447772052,9.264121850641325e-05,0.36306526354896385,9.85387284398268e-05,96.08264705774599,6.743581536556023e-05,5.919651141916482e-05,1.754884432199563e-05,5.7162474274870095e-05,0.7662175168099277,2.5079855206195596,9.023309546577777e-05,0.43155552511357187,4.467069382422253e-05,64.60891748482501,8.756535406049785e-05,9.28902042181592e-05,2.0444599436442103e-05,7.61525794107484e-05,17.162979220648584,16.627896032423855,8.89155295564115e-05,6.45292562552673e-05,1.3608573057282467,5.957999519007694e-05,8.015959441584757e-05,0.001912763879238819,1.6648600402786484,6.613862141987808e-05,0.550432015825342,6.07132141052777e-05,58.84333617718296,2.5838837750437915e-05,4.512468029825727e-05,4.4076142165619205e-05,8.686428609385451e-05,1.7228627577970843,2.6373620960994416e-05,0.65008196473345,5.1095042096893074e-05,49.31361699230733,6.203023313754905e-05,8.633543601780496e-05,2.6451906191266707e-05,7.101697735152022e-05,3.4282053021498562e-06,5.6709355968731734e-05,5.1269180619386736e-05,6.959414489102669e-05,66.72608431953059,45.78352874735998,13.909638863853946,4.5340736145700664e-06,39.224294866650766,6.007374563019033e-05,2.1658852692661226,6.422549521853297e-05,0.253833120784126,0.7858100186881847,0.7173430695043337,0.8032758034143795,67.67014472906526,8.481583909502834e-05,3.11858854729165e-05,9.045212933862556e-06,4.247270175875695e-05,4.0609248159572756e-05,0.4643141470541874,8.695096262784057e-05,0.041904499707832416,7.574512546916602e-05,1.0118821979511023,9.514718375967715e-05,2.400655856173242,3.0444874436265413e-05,22.07816038983839,3.692605765887855e-05,1.0595690950552085e-05,1.8940435304588445e-05,8.373925666259097e-06,0.23021828497232089,4.2851138027393375e-06,0.8272955161227382,1.3457063046748896e-05,17354.389304530418
0.8859102576921712,0.0778348869013048,0.06631195278922238,1.0130077364107042,2799.101738046922,1.0530916061462436,0.6948973403697805,0.08023664425294058,0.07237707457222065,9.858237476768486e-05,4900.859951106635,0.9727293767539795,5.405597418677519e-05,3.107837189121703e-05,5.6090995318194835e-06,9.900665902615477e-05,1.559090560803752e-05,0.8236795956093574,1.230423566588168e-06,0.744306402860876,773.9508517070369,0.2688830086130342,1.062324232129951,3.925429145969768,0.003315042259360185,2.8931005784635945e-05,0.8090283035855634,0.7499813775746035,29.349061633269102,21.04214130175538,4695.162775019267,294.82736445664125,53.73906610349593,3.6593124247487075e-05,4001.63400303798,3.1646459940063244e-05,0.8503619446979207,0.9205186145287788,2.754404527283283e-06,1.914767729494482e-05,0.3297826858397054,6.96372576985041e-05,0.8223634287986601,6.824571304039903e-05,3.381901992870178,3.154359875891232e-05,6.269048485207735,8.567071354420044e-05,2.882224974409241e-05,5.4895189369895127e-05,2.3186994114565574e-05,6.767882878577267e-05,5.505977480088855e-05,2.484505930290857,4.705699388404447e-05,0.34649677303973875,3.199717108417852e-05,112.35466065429283,3.487810237568611e-05,7.09647668436344e-05,3.060778370579509e-05,3.587825594249761e-06,0.8462456022030517,6.234363208023061e-05,9.661952480637955e-05,4.379978287177198e-05,9.179668605040747e-05,0.255525890670467,2.4722585197538156,2.4753486895714273e-05,0.3380772182205772,1.8273153512528386e-05,91.48471330906926,7.431765154024688e-05,9.785857310190992e-05,4.2330389520670076e-05,2.4695497162714388e-05,0.7328755623721066,2.2016701269161905,8.533354542334687e-05,0.4070011729045749,3.063474212632924e-05,73.04430785132335,2.9299962195891517e-05,7.144084150591663e-05,6.260118424843557e-05,4.705782994931439e-05,23.143317069480457,16.731566129104788,1.081561947387908e-05,1.1917943602281867e-05,1.240252999640914,3.9220163457438754e-05,7.806816773108428e-05,0.0023457481358257985,2.0495278728567743,4.5161675179992567e-05,0.5585735161138435,7.726249974583359e-05,61.05196216910822,7.740162515938528e-05,1.4314641744549829e-05,9.081494160409778e-05,7.973012073598509e-05,1.3302945921351779,1.0133386679710488e-05,0.6974286845388621,7.434280198309244e-05,58.41243348327126,1.1794336980685072e-05,6.912460627658582e-05,3.100745221493513e-05,3.9299348816785045e-05,8.577852123432512e-05,7.774217814438266e-05,1.1629503962740663e-05,3.648282783429876e-05,51.83154400335908,43.31206800484389,13.915983718088258,3.623149991055144e-05,33.94974464831422,5.201372751199969e-05,2.4238075491472832,6.78625440071266e-05,0.2110766041743609,0.959922716794015,0.6471881471938261,1.1011456444351069,48.881100594618474,3.245469391992867e-05,9.14021402927496e-05,7.18478914378932e-05,4.5552317683323055e-05,9.462085741114437e-05,0.48282742348062496,1.0115984283727898e-05,0.03915926857196851,6.308352759481539e-05,0.9369872595349227,8.064738726059141e-05,3.29859467895983,9.709179186258506e-05,27.349230675540454,6.378240767041034e-05,4.3657049609468035e-05,2.9242098477466218e-05,3.564830911429657e-05,0.20620796351784226,9.262426353297616e-06,0.8581378757162073,7.398122707494355e-05,18228.42868658
0.8783601386776921,0.0841140300310231,0.05960516971573794,1.0144143868739945,2270.938787972236,1.0856430180798966,0.6950467437098955,0.08474524108157862,0.07064360453870078,5.0585017039340124e-05,4649.832360153331,0.880383284664519,9.599026118027487e-06,3.78237378273429e-05,3.6922029032221265e-05,9.968480761437315e-06,2.0637860696692922e-05,0.7771044968415027,2.1780397512748875e-05,0.7647231802923429,1013.749518052841,0.28773831208168504,1.0103617942467473,3.896741837039399,0.003104333441274372,9.962638922539407e-05,0.6025356609707683,0.9864366215553648,29.352399745038753,22.991348168685615,4395.281960192661,384.29897900275796,48.98660357918577,3.564215398679842e-05,4429.738436997911,2.5621129989476246e-05,0.9627022163721183,0.9548871132791971,2.3452367473095258e-06,9.635610895677352e-05,0.2972667839887454,9.325039140494219e-05,1.0220148892408634,2.5851004411153412e-05,4.022182222662544,6.819620283088564e-05,8.017317178480141,8.20943336502619e-05,1.9948841644528315e-05,9.611360608031145e-05,2.1041214947538956e-05,5.67761080576371e-05,4.447672781002622e-05,2.962142417775218,9.239771591163674e-05,0.3366717490249171,3.240843719934774e-05,123.5724400786755,9.963025430474567e-05,5.861003561225002e-05,7.021044855144633e-05,7.732129926224332e-05,1.041644958566743,4.4409061997001955e-05,9.53427241805661e-05,2.205112200947138e-05,9.983901747894249e-05,0.18527736574203668,2.273754481455744,2.4337582913418632e-05,0.31412876571419235,5.9771380698907465e-05,67.92434949285166,1.6857091195117247e-06,2.673128022569369e-05,4.317666017894694e-05,2.1832403893810528e-05,0.7537616598855479,2.5808315733698004,8.63905348813757e-05,0.30881472015952444,6.501875175421273e-05,79.48275269660408,9.824992110942517e-05,4.540082050142812e-05,7.798292038596038e-05,3.1588227205038214e-05,20.56598861540131,15.87150395054137,9.73363089034354e-05,4.955287304982066e-05,1.3610469790865551,3.812715902678244e-05,2.4829155670749893e-05,0.0021450876631167615,2.244760738802319,1.3181116875662814e-06,0.4485523430490404,2.6043724892594877e-06,60.25207785352221,8.06302375562409e-06,6.95738951890583e-05,6.568250127706935e-05,5.5430481216351804e-05,1.3288583480835328,6.285211551537804e-05,0.7904645656237057,3.0028155904438537e-05,54.0627636134936,6.315257369975154e-05,8.236421010278453e-05,2.3990692768239153e-05,9.84278361451183e-05,3.9841117387216755e-05,8.824879736810413e-05,6.155581847120463e-05,5.842322256913822e-05,52.25251929939869,48.019319671552715,13.376489227792417,3.899179657049228e-05,34.44169529032517,7.196877444653162e-05,2.315476581113252,5.996590366272578e-05,0.2493673236253096,0.9731167962693033,0.6276502787681196,0.8113466911218625,64.8312284024368,7.730928441330762e-05,6.451353073519045e-05,9.329977503916219e-05,1.30086971419064e-05,2.138792937219276e-05,0.4871159676818062,8.398234980969774e-05,0.03201338921684777,6.0969718973661414e-05,1.085871618788579,4.292732383764036e-05,2.501347089802789,4.1403353024050364e-05,27.448991658892247,9.456083208411148e-05,5.4425690596833654e-05,8.445014071583744e-05,7.743480482904674e-05,0.25710795656123353,7.596653053897347e-05,0.9258633912854346,6.32721125226943e-05,17913.199197246937
0.9685610170856634,0.07722703427972688,0.07007550227603938,0.8075741513437895,2179.155776366942,1.0531589323876513,0.8717474988442633,0.07268192412875757,0.06132463278787856,5.949310163315141e-05,3704.960222741254,0.9012827612450379,9.749475884531311e-05,3.575464923375193e-05,9.191126179048767e-05,4.553319890241604e-05,8.397550399023452e-05,0.7649055548002046,5.7182567869023054e-05,0.7816850878979364,781.3591328809965,0.3193341322196022,0.7448309851869207,3.757644176152556,0.002417480400903762,1.192621383028415e-05,0.6826360943547606,0.8137670918629936,29.67664161283347,28.535092297311323,4544.054199955595,271.6884086422795,45.70461944306009,1.734829648136761e-05,4275.783571130049,3.035033089551781e-05,0.7378956438349918,0.9719415276218171,2.5390636327128335e-06,5.9975005507827234e-05,0.22929569669580502,5.626189370686401e-05,1.1353679773935053,5.435135795518288e-05,3.6202228167906396,7.44595752529757e-05,6.614233195231279,5.8403122592702906e-05,5.7439992490775996e-05,6.737854621739718e-05,4.451412914737718e-05,5.78146457577316e-05,8.5427836990753e-05,2.021158532081058,6.39549169985295e-05,0.3024047646791422,8.433215638774748e-05,89.89802391697198,2.058741926989164e-05,8.224556998747922e-05,7.490212999489601e-05,5.503663313778569e-05,0.9842591600697059,9.795675320467305e-05,5.389625956152552e-05,4.431692946281052e-06,3.13502056173853e-05,0.2504392159813636,2.4095630756352113,5.599763718240121e-05,0.3121133841976542,4.755129209762814e-05,99.16295243756396,5.5747569495063134e-05,5.695655010650558e-06,9.33971037681571e-05,4.502558327980003e-05,0.7034882806415332,2.9234394232223866,8.369203499877113e-05,0.2924399835007712,7.775504701727944e-05,81.31164508536374,8.971862749131714e-05,3.706689914545556e-05,9.207011747056464e-05,8.957732065346348e-05,20.296146936353004,14.679057021977044,9.713316819306377e-05,3.749586073416029e-05,1.1292902766677142,9.747514990467312e-05,4.8951738130820835e-05,0.0022372347247855895,1.8605553250637255,2.4749746329584068e-05,0.5638262147714828,6.475848996732022e-05,59.960960544227504,5.165673063779424e-05,2.6816746971123917e-05,9.606064654668862e-05,8.19815942678187e-05,1.3764944532924526,9.664135805400532e-05,0.6336671042692931,7.335203235792027e-05,51.248820442001694,1.1053400209189879e-05,6.0341975618085624e-05,4.549955535887217e-05,4.962623272813179e-05,9.637944348800918e-05,2.1677976734600524e-05,2.4606550459470257e-05,9.634041797966328e-05,60.67164118864633,44.52786638202426,15.50401112797902,5.6743625495928566e-05,34.944290390695976,4.523856073768804e-05,1.7673816460672096,7.556451049955197e-05,0.2595494659479367,0.9193963421835126,0.8385895177428717,0.7891512191432415,59.65522773495771,3.553847387915108e-05,2.052192639662882e-05,9.432299198863931e-05,9.667303340260603e-05,4.05582081108167e-05,0.5176151291309066,1.2944942019939122e-06,0.03268547844201844,3.587764590038234e-05,1.0456392348238366,2.3580265089795907e-05,3.120810729622346,2.90303700161753e-05,26.931401561662458,2.3696243788680105e-05,4.56468470898418e-05,1.251043799996513e-05,2.827946228960354e-05,0.2025800690243495,6.7129330166263e-06,1.0834594295528475,2.7109433107133854e-05,16521.98675426891
0.9400957538893485,0.09348554659035632,0.05865076716045591,1.0584183135726226,2462.9144173984932,0.9501445406449891,0.7153445842007827,0.08645052989944924,0.07425606801127181,7.879373223010397e-05,4126.509354465195,0.7370046553623851,1.2867876882449848e-05,5.89998499366975e-05,2.7886195409236095e-05,4.960390542415159e-05,1.8181901523300972e-05,0.7025415318080153,9.220749393614358e-05,0.9013569117839978,815.022969803184,0.24031297034345478,0.9589611887844128,4.138796518036473,0.002498797405936336,8.161479953276131e-05,0.7029948437578643,0.9720481040073881,29.2980445848141,21.097972232650775,5117.400549750723,373.0274024533145,53.684339612934224,6.882044950147446e-05,4109.913561381531,4.052540270401526e-05,0.775661820270886,1.0203817137508966,3.0940583078130223e-06,9.860372304214092e-05,0.2989543845385758,5.740031428574476e-05,1.1757678607382516,7.120944266504448e-06,3.8641547051099767,4.474186850368549e-05,6.0894167813293985,9.882854760661619e-05,2.5123298379854797e-05,7.201102749434128e-05,3.111933641052553e-05,4.49165334574019e-05,1.890129575006606e-05,2.7839973318425835,5.216369681987253e-05,0.43340724977766165,3.0016875433641877e-05,110.8410616549228,9.980510703388486e-05,9.194027579058346e-05,1.4081439648327976e-06,1.6382316291667845e-05,0.9185113610861726,5.2104377735125434e-05,4.587006504971546e-05,2.40495070612462e-06,8.559274275046389e-05,0.26061058239433427,2.8864146086798605,6.24383377289872e-05,0.40246079570180954,1.253979281819675e-05,88.80941492502826,4.0354645215567796e-05,1.4140386739686484e-05,9.649383586483104e-05,8.018728870969142e-05,0.7743056070042872,2.26669157768373,8.646248861258132e-06,0.32573643972841765,6.55691825479253e-05,78.19798522667267,2.731140006081321e-05,6.0020577969581515e-05,6.370398176674757e-05,7.885768211898947e-05,24.51629253056765,14.647277672557767,3.758338973506106e-05,6.416309495608575e-05,1.1982758477352464,3.257680425478724e-05,3.9167938801089134e-05,0.001830653310067962,2.0874096986868254,3.480237360958368e-05,0.5655908540176425,1.617902898223813e-05,55.658378052827096,9.739420542264926e-05,7.914133682800907e-05,6.655903388885492e-05,5.776496595215031e-05,1.6122653076625955,5.1811751262141874e-05,0.7216053921994906,7.994474372443924e-05,50.01991551728123,7.546539274489993e-05,8.652428012236649e-05,1.5228694010019018e-05,8.073680204684697e-05,2.921904474717425e-05,8.171231419838135e-05,6.773113235040496e-05,6.101969602208398e-05,63.093030091096566,44.388423877936155,12.659745552456974,7.450825748857349e-06,37.04795750435528,2.8160729073249114e-05,1.822881566678554,8.186559950472362e-05,0.21988795132147396,0.7882268645569486,0.8287517544998688,1.082859701651608,59.44818311941241,6.765878967275811e-05,5.805198568136897e-05,5.944428909150234e-05,3.4158858309216114e-05,3.462192369859747e-05,0.5640891135411122,2.313659681873339e-05,0.02815150672981431,9.231356295676113e-05,1.0854827882430955,5.817589769796876e-05,2.6220727766537006,3.902552377335463e-05,29.14271024145326,8.624090687710323e-05,6.184286544928198e-05,2.4216091380928886e-05,2.217954964182254e-05,0.2314608087149128,5.540884725354978e-05,0.7607328158182827,7.247546706143747e-05,17781.264666958403
0.7133501545444885,0.08522258049591144,0.0802296219207661,0.8578106256974992,2087.632819389571,0.8713462026917096,0.9504710059933095,0.08542953640361023,0.0640785908454963,3.6759938001292685e-05,4346.03579907651,0.9126220833405414,7.228788781325737e-05,8.623237400588191e-05,5.803310719020993e-06,3.550781295717155e-05,7.640897794166037e-05,0.8301024134115631,3.0960059304451895e-05,0.8399516752906219,822.9406614558135,0.2702658011321191,0.8428820976535504,4.655174159117303,0.00332932242621024,6.699076267460093e-05,0.7285611540205016,0.7511339304219028,24.547574150521513,31.44707290921086,4240.1815320409405,316.931222258799,52.621902242998054,5.773880811674952e-05,3438.711927167709,4.2383637200627356e-05,1.055246788772899,1.0062623804993078,3.2860335873240286e-06,5.8823082982163014e-05,0.22456844683583396,4.102027577549332e-05,1.094854584188854,1.7464693022813074e-05,3.434489394153933,5.055363940288045e-05,8.208114193931348,8.208271515437556e-05,6.037176967921655e-05,4.390323452682752e-05,5.54840654105524e-05,9.907461835649317e-05,8.056462270226097e-05,2.936752766419306,9.85997851665586e-05,0.43302496193067525,1.471070126511731e-05,119.78771687544679,8.72817956672678e-06,4.5994659375205885e-05,8.583728303852756e-05,6.0843163210497736e-05,1.046364333214141,5.8291921351885326e-06,5.125281566317664e-06,5.315564299763704e-05,1.0137448053709619e-05,0.2606299694422844,2.2072485114802327,9.801416907042151e-05,0.41213709842320123,5.164297280356859e-05,95.69628947821462,6.203668978649868e-06,6.423304256865019e-05,3.1820623264476234e-05,5.0104524900120785e-05,0.7716339138042632,2.497673079622707,5.6880813541744094e-05,0.31179572269778466,8.105322615415749e-05,61.543128094923425,1.8264121849769068e-05,8.695192149395611e-05,9.012082697392787e-05,4.1056651561513945e-05,23.900557574928612,13.817470717234277,4.683347882740029e-05,1.2542116399419345e-05,1.1702727425537605,8.571579370638015e-05,4.482487490239403e-05,0.002324115138053293,2.077984022793055,3.6395550121868204e-05,0.4662130329010773,3.152020259204847e-05,65.39417932898023,5.998927185487284e-05,7.86513773003343e-05,1.8254971432207724e-05,5.7746150065641905e-05,1.64473695118577,1.1948265774563327e-05,0.6913415026774063,5.338146344439844e-05,41.95056210644733,5.4353356391927356e-05,9.354632677059051e-05,7.045740207853214e-05,4.391056336978491e-05,1.183182231524529e-05,4.4904491150912545e-05,7.567274537208875e-05,4.235762345316597e-06,48.27194886151072,52.701526008783055,12.58054763994991,3.3524696141131515e-05,32.59691776258374,7.821751984500001e-05,2.0107215601650728,6.537208426426109e-05,0.21109969156331707,0.8350447512464785,0.6868790998709327,0.9817973285550462,50.75720617294279,5.041142171916303e-05,7.491050965085761e-05,8.776958366614258e-05,8.20699058530131e-05,9.964121815873534e-05,0.46315090952413634,6.553235106787102e-05,0.04174870443259706,3.053090271774317e-05,1.0260314797211565,4.881235573270297e-05,2.8241175001452485,6.891211862173515e-05,26.918267751470907,1.8690816721576242e-05,8.7133677121537e-05,5.739475435004744e-05,9.252867961409188e-05,0.2114006890150012,4.724018676903062e-05,0.8921401344973197,4.5747286412204806e-05,16012.480842084773
0.7724812701570405,0.09101875633491413,0.06803265926122008,1.1619579514331506,2633.6798292563326,1.0045704840516372,0.852190787629044,0.08958094155678614,0.07281878723083404,8.46373638232728e-06,3773.427823168741,0.9656798022691512,8.414556925550951e-05,6.842849344177854e-05,8.885705476757115e-05,5.200048078904112e-05,5.544950171633072e-05,0.8220458662639614,1.488526457472228e-06,0.7023161520720462,956.1401974270266,0.29988118503353656,0.8640473448930703,3.791062382484656,0.002588533685277549,4.753671740171148e-05,0.7146555213313485,0.8387717782952356,23.69005965776237,21.88176618240436,3897.3918573604838,271.30658066323986,48.69878731058823,5.224103282240478e-05,4072.9167798244903,3.64597668189538e-06,0.7996550494565003,0.8114390201877295,2.6471728371158054e-06,6.352826982978515e-05,0.23611123983199106,3.839311713471695e-05,0.8573818825139615,6.078054552245644e-05,3.874108027805087,1.325979334916212e-05,5.583005257243673,3.0027708852891724e-05,1.415955945671421e-05,3.9620532338448743e-05,6.406197855172024e-05,7.640726557009498e-05,5.8289048774433484e-05,2.426670582597078,4.449868824414746e-05,0.39071528657391025,4.2062751507675444e-05,104.15917013026339,7.662191809436226e-05,4.861653241375452e-06,8.330327557781435e-05,9.182711093936203e-05,0.8612500008831705,4.878461106416349e-05,4.693686985453939e-05,8.950734043920853e-05,5.0730025539287675e-05,0.19619140793144482,2.0293198280048568,8.878946077661696e-05,0.3741303107208328,9.910960060300272e-05,77.1207630164743,5.85546807146834e-06,6.553400468193682e-06,2.021376146391618e-06,4.931572464563269e-05,0.6704601815002145,2.8938799289202386,6.627269657357469e-05,0.3234814365388366,4.290095426464656e-05,56.990063712841554,1.1527550653752083e-05,8.8058647804467e-05,6.733402968423888e-05,4.5166053492426405e-05,24.430860909857515,13.08618390602509,4.206431728990423e-05,7.19766475335951e-05,1.237559549904001,7.828392102300375e-06,4.262690969229655e-06,0.001656882762332528,2.0159160023970237,4.792465754358405e-05,0.5051264401214269,2.517793938494629e-05,66.55115898917971,3.43039429041683e-05,1.3866715412468335e-05,1.7176543846358606e-05,2.9806279760810396e-05,1.2424860437749092,9.687225509425357e-05,0.6406309720205976,2.5807455617771357e-05,55.48109618741442,6.157857719845656e-05,1.6392203812076447e-05,4.626842510143845e-05,3.090056757454497e-05,5.458280606371026e-05,1.8465079614077396e-06,1.160338520960923e-05,9.67175734546746e-05,56.27835977222793,44.21786092082243,13.28401505074011,7.72334695918886e-07,31.39770289520228,2.6578477458978003e-05,2.4312414980215404,2.1841916757151935e-05,0.22304047436741364,0.8413778326922602,0.8385889120122783,0.9873404457077678,63.669097324328426,8.72471055361589e-05,3.458135568279055e-05,6.253713842637747e-05,2.9503673242976137e-05,8.785191590353603e-05,0.6175110112525717,9.540108871018533e-05,0.028775432517657178,4.76413693774441e-05,0.8156767088043151,8.571393945716721e-05,2.7591200943272427,5.7567351211605994e-05,31.429221615037378,6.739471789640295e-05,3.915224017396242e-05,8.9853029928878e-05,6.611980337646362e-05,0.21317740458476417,2.8037561406892433e-05,0.8864110842508826,4.894308162373128e-05,16339.345984134334
0.7566137552292442,0.06806309165502057,0.07442586580277098,1.1125392701034236,2313.2050846499355,1.1145280354271014,0.8205780521559656,0.06708547543245602,0.06910648959137307,3.887246207775094e-05,4841.309328900614,0.7352362102872863,8.204576031299617e-05,8.343226302902676e-05,9.462192914132103e-05,6.624579964196621e-05,2.6803733112225783e-05,0.683423548064354,2.1955761490982574e-05,0.8279473264773978,1032.9657789371383,0.2301074450110614,0.7840242420975514,5.099527027107486,0.003161806664120034,2.143032138044869e-05,0.8291113214463182,0.9294306648620108,22.509002400417916,22.56630684698873,4705.035277034407,320.0781828902192,50.74302579386325,7.613301787428077e-05,3511.7875619610336,4.4938733797248214e-05,0.8235445384779457,0.8006210214624647,2.8910921917669196e-06,9.774399789120328e-05,0.23780573567972133,2.4001741371443065e-06,0.914671258677835,1.0152837169950347e-05,3.5217065023419023,5.034246262116288e-05,6.6522716751387705,5.074103907318445e-05,5.69268467931276e-05,8.94413916914005e-05,2.9657805764093117e-05,8.773658638165783e-05,1.3717469464233978e-05,2.561572167057632,8.952242715966148e-05,0.44092442051630276,8.014984905708528e-05,95.83808507883671,6.566339062778207e-05,5.753394428649042e-05,8.655069418933845e-05,8.584191639555726e-05,0.7787352415285117,5.796137974564598e-05,4.8128068920728856e-05,3.712360286857864e-05,8.152302896957844e-05,0.1946731800221483,2.6691589131897833,2.6266861257108e-05,0.43783307787262526,4.953884527898399e-05,99.45227201344878,9.992478643393866e-05,8.984177046865509e-05,1.9731862395705124e-06,8.044403127064333e-05,0.6575090565236967,2.8100522081780706,3.7275396409570315e-05,0.4309140261124972,5.812598555575175e-05,74.18776478451345,2.779166410442039e-05,8.878992111554838e-05,1.8192124067300187e-05,1.5966288256707651e-06,22.282402205869573,13.534701962895978,6.595620686106058e-05,8.731937935297385e-05,1.2064737673421781,4.46359120851037e-05,2.0573567341459143e-05,0.0023532206595342875,2.212409581778279,8.315747365982755e-05,0.5154267255903277,6.282903973213459e-05,68.33248710432626,5.148498152839601e-05,7.147937381647281e-05,5.537972141455337e-05,2.5576644700562935e-05,1.771176008236075,9.87468215581066e-05,0.661249529956879,2.1148824300960512e-05,50.37202555019326,9.715952860652666e-06,7.484802665622866e-05,4.650656188291491e-06,9.162141695247378e-05,2.1377285325878537e-05,1.047499484210538e-05,4.280889055128298e-05,5.974756066022678e-05,65.90598282422253,56.08062871087816,13.631024310056777,4.557977061951991e-05,32.90277354042563,3.2812105959366122e-06,2.3902592362458828,1.5621841803332883e-05,0.22165856049947655,0.7009404843748722,0.5735135378398931,0.8074710219731152,47.73594030815005,5.3333191050562204e-05,2.4620904661990896e-05,3.179503936988759e-05,1.3485890656841792e-05,5.6716144741740786e-05,0.5967000417204033,4.6794330508472397e-05,0.0399921775860241,4.461736546371228e-05,0.9501651315207048,9.216006950177552e-05,2.7547582967269313,8.291365697505716e-05,23.253908473537173,3.7922831886649913e-06,9.203704279971095e-05,5.8512324926138104e-05,9.128486174605424e-05,0.2160280999983202,7.306741340034395e-07,1.0347142504519566,3.997862939016944e-05,17488.2199950898
0.7087236129030112,0.07869883520456541,0.05826142383698091,0.8842985280775795,2654.7827858575497,0.876068797986074,0.8429300235861295,0.07225980283291494,0.06275902232390236,1.8420767201342626e-05,3758.392782212778,1.075608161311384,4.868661001742396e-05,3.198900710863073e-06,5.821796433078959e-05,4.44415560507222e-06,3.0126839305621567e-05,0.629881848743233,6.224651283906166e-05,0.6642226465231033,773.2765409564271,0.2593119067756694,0.8147378518025807,4.507371040612094,0.0029872318420437888,7.2114224006308295e-06,0.614967463538275,0.7922814449450818,21.081228737710568,25.944757394442192,4832.709008150583,306.4677162966617,51.842791052835466,9.836873883239799e-05,4821.047438165258,6.262751455781978e-05,0.8700100010614188,0.8960359455186077,2.578259617019231e-06,2.383565095164053e-06,0.2958744471948039,8.475620639844402e-05,0.8609775051504068,6.454084499667524e-05,2.9346732400899564,6.473712731923878e-05,6.191054108311716,3.425429419208517e-05,2.901035489430802e-05,9.811371338273013e-05,3.099887921063374e-05,3.846799632917107e-05,5.894554649572806e-05,2.3943148630049973,8.599908766606634e-06,0.3053806910316671,7.905202543422322e-05,116.87449279522747,7.153206772403529e-05,7.968798563953854e-05,3.107869453451916e-05,2.7609578053377127e-05,0.9375908952866916,5.769914456771803e-05,5.361747185740201e-05,9.822312346530844e-05,5.8001796186098424e-05,0.2493883205167136,2.0829793264807406,6.280143929837334e-05,0.3959041294572664,4.945888534534726e-05,94.2505871285569,9.416071223214706e-05,2.113310716633432e-06,3.7849157092418964e-05,9.22444295998405e-05,0.7517620096861436,2.99324718532277,1.81404742604491e-05,0.33555277396737015,4.377955678597656e-06,67.75709070250548,5.1638234612593495e-05,8.847034754580675e-05,5.6130700239229014e-05,5.071986896679786e-05,24.486743473220713,14.844554699423401,7.12460153927128e-06,7.900177216873872e-05,0.9896470925749521,8.378868031471723e-05,5.3286872582783845e-05,0.0022546663297175894,1.9879066552247362,3.0660822141535427e-06,0.48182390109873674,2.1836311675459932e-05,52.774770344021654,4.7183689156958997e-05,7.277520990446829e-06,6.459698505714444e-05,4.622660058420519e-05,1.2536140953666295,9.575264678072415e-06,0.8012639912974855,1.419582330094833e-05,55.16788241575218,5.364051326167529e-06,8.632856961459244e-05,1.4176236044454849e-05,4.76269674445611e-05,6.421213512959961e-05,6.786256503953991e-06,9.41983598657669e-05,6.624846461938667e-05,45.58680399469842,41.460475474903596,12.783572963676589,4.2644333398614076e-05,30.06449188382699,4.620363597126677e-05,2.5613426318193646,9.165735017672821e-05,0.25026243390673863,0.7290799804723581,0.7663345507873405,1.072787310369004,49.11605903747258,1.5320959720066817e-05,8.870071934023328e-06,6.629893085578744e-05,9.847833716696086e-05,9.75967646702787e-05,0.5201377848425983,8.565984315816589e-06,0.03324239998486052,9.205031328395542e-06,0.8209556279536439,6.0669709413476495e-06,2.5520843067603014,7.977247443757452e-05,21.881917047678662,7.04473547969991e-05,6.11621555124708e-05,1.4040802286659815e-05,6.531900795856816e-06,0.1925057650566587,9.617898858808425e-05,1.0105536268852204,3.994324423352642e-05,17874.124950815574
0.9252315063906456,0.08778268607139063,0.05678147136445219,0.8317007271613465,2706.9020879596296,0.8549138804070789,0.9640148533845522,0.08134172502182363,0.06007597503443917,9.167688421684984e-05,3690.609281387011,1.0377431799383885,9.323588971094517e-05,2.6237793299229475e-05,5.624117451573666e-05,9.350205234772834e-05,1.3146734715897424e-05,0.6351123148592955,7.520402229668745e-05,0.8968809172311227,781.955552220425,0.2848011824566964,0.952004090550924,4.286524829615709,0.002794595772868364,9.294866252503132e-06,0.6584558066390666,0.8305117183031789,22.931949513409172,28.85193784696187,4591.972648856469,387.3946842246651,50.06973731413265,1.1283066502825846e-06,5063.483357687282,9.336339005439561e-05,0.8859193006821844,0.9561907332353833,2.231144932365449e-06,8.623591207116117e-05,0.2914499819556837,2.87285769293097e-05,0.8812572038832247,4.1761645702416444e-05,3.032152999686397,5.737109036574213e-05,5.940561352905639,6.547100433267834e-05,6.732900665877453e-05,3.79866609946662e-05,5.371622777201e-05,4.514325034698716e-05,2.3208966589029745e-05,2.152059460517731,8.371582230695508e-05,0.32351701980710956,8.508107356208517e-05,95.72938875880689,4.8172320826109676e-05,9.923979834845099e-05,3.430197664961342e-05,1.8284210543118275e-05,0.9691247382949121,8.709698268328503e-06,8.916880503143177e-05,7.72311144528992e-06,4.484958407355735e-05,0.19039112398649893,2.1478684651767974,6.318461631805792e-05,0.37523615688683254,9.844572721198677e-05,97.1771558281274,6.401443230166476e-05,2.2787702402521428e-05,7.33226080435504e-05,3.255969123849627e-05,0.5979473620108188,2.921082365827198,9.210868138606051e-05,0.2927047053604353,9.907114572000064e-05,78.45975169885287,3.669443750906144e-05,7.310762367647933e-05,8.675650065990543e-05,8.397811707526725e-05,21.443032813330838,17.81122364122219,8.062006653005379e-05,2.1969099896184243e-05,1.40926622646774,1.2813784357053715e-06,2.718735526889874e-05,0.0019611605161256617,1.8861258694275318,7.645933284034365e-05,0.41188702366555124,2.6817194209959818e-05,63.43122607671354,6.980896299430037e-05,9.592244438510011e-05,6.125829140518266e-05,7.505485903227457e-05,1.2946015078581363,1.815344160639928e-05,0.6441804352709679,9.64441550525597e-05,50.21175540863267,3.571633508418474e-05,3.751776109141547e-06,3.2263469958551673e-06,3.3826294231548926e-05,4.15756913737092e-05,5.005174129582669e-05,2.2238071357243817e-05,8.22893199235264e-06,61.59239962011018,43.72418403130192,12.641616784084613,7.973106483048149e-05,33.98902617747751,6.907488849830176e-05,1.8393953490684132,4.4754848430749175e-06,0.20416883960427282,0.9632388356555116,0.7228217412324075,0.7697972642781532,63.21036300398769,3.729858026906241e-06,7.9024293098927e-05,4.3066848237055605e-05,9.30409170684789e-05,7.25870978951404e-05,0.542145879673259,7.97491268966687e-05,0.031208444468463735,7.143242329320918e-05,1.0208378413338546,6.846104966422425e-05,2.737006293145885,2.1699064305336335e-05,27.03705604036491,5.321817814127009e-05,7.825027585456943e-05,8.857269108316474e-05,3.742862312655026e-05,0.1847868823817429,7.328253071376549e-05,1.046475133461799,8.732211608765827e-05,17991.944493139825
0.8496029451647069,0.08787721198179953,0.06437268079767859,0.8573021769611291,2784.3899512865573,1.0950648876101272,0.7022498587663946,0.07242113096918415,0.06928077007294084,6.55393874339252e-05,3462.21760371958,0.7692066993302369,7.741845680361441e-05,1.349653209308287e-05,8.09224998562725e-05,8.108364255106393e-05,4.282771174710712e-05,0.5917804031687743,2.0097530843250678e-05,0.6758465891417144,888.6368467196136,0.24732073255709677,1.0465543094873442,5.056513585542651,0.0025207390319678127,9.060437243618228e-05,0.7272074826778391,0.8125877299948696,21.244508013092155,26.68405320242395,5231.252443367188,348.5307645363821,53.44677665823673,1.6456847900107408e-05,4742.464356558075,8.351155407348846e-05,1.0334800589340203,0.8839044297412647,2.7091127351715887e-06,6.238572301804629e-05,0.3026536777082762,8.501213960005845e-05,1.1923398606504776,1.930993467448301e-05,3.1395106047193604,2.0994408434229494e-05,5.9170289774213085,8.302203936037282e-05,9.879773087365589e-05,4.709172747709773e-05,5.239157022874996e-05,9.090433205016436e-05,7.828860951797017e-05,2.9471051974556186,7.847483701164034e-05,0.3116924774468948,3.6331549008865597e-07,93.48766997263601,1.7416606078644538e-05,4.8587568274098616e-05,3.4920454926136724e-05,6.391127747731447e-05,1.0676666078877601,9.84853975647656e-05,1.573770735645047e-05,3.412530423300905e-05,1.6786041613676784e-05,0.2284595403813085,2.9432609057530184,2.6364688243189152e-05,0.44371649647475875,6.733645514552392e-05,90.4122576955811,6.682596068204295e-05,3.284951985956465e-05,9.658091890214924e-05,1.4260910106173064e-05,0.5941387798180937,2.5706705547161803,7.234105638748378e-06,0.40575733111941004,7.986712913132849e-05,81.2601917523934,8.176405630105828e-05,2.894119500262492e-05,2.7696445217214763e-05,4.830530856710713e-06,23.20595023077546,12.63946431087243,2.3102710169292808e-05,3.142960362618314e-05,1.0318222427391406,8.00578235146896e-05,6.127673994521496e-05,0.0022503749209255653,2.033962703615283,7.329328783800458e-05,0.45875392196903025,3.5971623212947914e-05,70.18144784488743,8.660794497332998e-05,8.672865685082269e-05,4.124896363122437e-05,6.586086922010798e-05,1.3548755005771447,8.182298740192207e-06,0.66950528897494,6.081519370638133e-05,46.963866779421835,6.995203445792621e-05,5.151142458095468e-05,2.674107344712973e-06,1.60762235959524e-05,4.2112761813712996e-05,5.992945009047546e-06,2.2359618824398033e-05,5.17238489864883e-06,49.906643782075555,40.4175017187397,13.6385529460986,9.509832813975252e-05,39.49107274560828,9.865151452264578e-05,2.0782458760709193,1.0309980420141396e-05,0.20713780040684948,0.975321629596396,0.7222680013467475,0.8124926684406539,47.48079200637798,6.541999734991288e-05,1.4871196779063168e-05,6.583813813847644e-05,5.067893848873523e-05,3.6948997289880506e-05,0.6714803574876627,8.686336352178938e-05,0.032306533963791684,2.47525045460686e-05,1.0535335951155902,7.425104756226991e-05,2.9133269945240983,3.9158642587707796e-05,25.002998817075184,8.571731780105805e-05,3.862454386942523e-05,8.49869690625027e-05,2.6267408203580314e-05,0.19804456061049236,4.124778019777219e-05,0.7635665016974478,9.561789638465086e-05,18196.535107044885
0.7917762330360679,0.07745307956790111,0.06311276311960512,0.8452340720740292,1998.93197482031,0.9360789993005074,0.6734083310973233,0.0880132492602331,0.06960536545724463,2.2442936796740678e-05,4288.23451257474,0.7892014794007693,7.115764065648711e-05,8.680601715134344e-05,8.230616982199239e-05,7.434088457687049e-05,2.101446927526628e-05,0.731460234537116,2.7928174397132102e-05,0.625500221662164,1058.231417844274,0.269290518215947,0.9680619948366999,5.106922491972023,0.0025735022315280455,1.3751644208003244e-05,0.7926479167462391,0.8253840920182519,26.677401575380244,23.560651713335798,4323.519838801168,362.5731373948173,50.86498357506649,3.4816212203237045e-05,4438.046722294629,2.5007223580298155e-05,0.9795431623218197,1.0102678244890433,2.328473766092283e-06,4.639291461032746e-06,0.2588203794468001,1.7885539958818308e-05,0.8560802867648509,5.1830405393107094e-05,2.9237182875096455,9.825399092201755e-05,6.935501956472372,2.5062728103175138e-05,2.5416926563627475e-05,8.001885513728651e-05,6.886973384791644e-05,2.938541993606625e-06,2.8557005441414065e-05,2.4165783655367026,3.576335170683436e-05,0.4191863563771675,5.040885870690481e-05,113.86084516633225,7.463102190787374e-06,1.2534518119224171e-05,6.574510314116182e-05,1.403640496788574e-05,0.8560474693560222,5.704533134669732e-05,6.125953740667e-05,3.710656042786456e-05,3.1238903869029036e-05,0.2563140188175997,2.585238115487028,5.6935086934554495e-05,0.3453826802303769,1.9716851439719774e-05,98.97074659451204,3.490385324554377e-05,8.507154677367815e-05,3.0349054144201096e-05,9.036958590571033e-05,0.7233690053464642,2.5476323145177746,3.120368436031759e-05,0.30923361425742074,4.6146852594343916e-05,61.33125985374271,7.304129474611698e-05,9.398422361873316e-05,7.442309468856422e-05,5.472222677288075e-05,24.239533181910645,15.139064002096848,2.2725695141132943e-05,5.665479272509616e-05,1.4285236859775268,8.520581165555208e-07,5.655666480990667e-05,0.001847128532227268,2.0051867379134993,8.203751811910875e-06,0.5416593329081252,8.751345991740809e-05,68.66459184933035,6.6077899377232856e-06,7.21036636956657e-05,5.874161860595617e-05,2.061669942958665e-05,1.4618665895013017,8.899534604883058e-05,0.6036241063104083,1.0903939858104561e-07,57.095674914485286,9.883462152221611e-05,7.517866949433015e-05,8.372420406679467e-05,8.985160073374914e-05,7.099783713325273e-05,6.734468811818774e-05,6.659365871174906e-05,8.130753504401448e-05,63.318668809020295,41.46276253038602,13.553572035101299,6.631759303351445e-05,36.334349195862046,1.7365465639318557e-05,2.0547999764704503,3.489315771885719e-05,0.21291804424289226,0.7278107830507955,0.8366523388081544,0.8931140941089619,61.677144925551744,2.5981720548560783e-05,4.061102320592136e-06,9.925596020851984e-05,6.58335236708631e-05,6.147880072215412e-05,0.6066470785156896,9.115460515541404e-05,0.03489363522705149,8.56932287550091e-05,1.0542992680926349,1.8275604149288194e-05,2.4315636061078405,6.317559020191702e-05,22.503841262459225,5.162987998445652e-05,6.149375788468268e-05,4.858322388365355e-05,3.2402812787951796e-05,0.19859980001515815,4.411548119603729e-05,0.7719776114260161,6.045297405354078e-06,17251.610499928433
0.9036359176016646,0.06955645146827368,0.08022290372082434,1.1535267402198393,2443.073848438042,0.9920786950367093,0.8533083386577128,0.08609955755803049,0.0592415738764448,3.8895522031377964e-05,4658.903053094273,1.051211161990673,9.94656550665477e-05,4.6403380681252074e-05,3.5863154441171507e-05,6.96713648426811e-05,2.8982390410376324e-05,0.5931586171347097,6.213809309560925e-06,0.6964826538435361,980.6994783804246,0.22583670151520382,0.892356974155787,4.333514959834064,0.0026897571339163347,4.068538198422498e-05,0.7525394561245029,0.8829855525401663,24.45714538000243,29.98260240730351,4789.95963131737,302.4326283164913,39.53789124197419,7.5290390884023e-05,4633.884353426149,5.049877545967132e-05,1.041446596499901,1.1318436750966305,2.326124055604507e-06,5.065143583957004e-05,0.2724267802714767,4.267326777541537e-05,1.0789452504541084,2.994571199614431e-05,3.285478446358161,2.0292293002810902e-05,7.209131730647451,1.1114406400396126e-05,2.5254299383919598e-05,4.66136969183122e-05,2.659799746195112e-05,9.67658272075507e-05,5.564182172375618e-05,2.237771321223844,5.374008838373279e-06,0.3220671187617542,1.644130577136419e-05,106.12668259575945,9.159096262840038e-06,2.6688584141092043e-05,3.379529350914872e-05,7.403644379977936e-05,1.0363163568908393,5.2518805826442786e-05,8.487498776435467e-05,2.7007474549758648e-05,3.672325068824059e-05,0.1798739519805881,2.436141065111129,9.97004306808947e-05,0.38049629299813054,6.46146478850111e-05,71.59165783724404,6.801429242247811e-05,6.115559277148913e-05,2.9816702362681992e-05,2.384942953280166e-05,0.5420914638290212,2.0218189545125,8.512641944988704e-05,0.3112914092993513,8.806164263510317e-05,68.97642574051467,6.725284649728999e-05,4.4750502069297687e-05,7.124588485818895e-06,7.316512641609863e-06,16.739235410313885,17.351912418115646,1.2984363109222563e-05,2.926761371059006e-06,1.4636051209319492,8.130357207342927e-05,9.800629731842697e-05,0.002284852177890723,1.674429328674435,6.060592407135703e-05,0.4067341920493287,3.95575690047161e-05,59.178335254840405,5.88277894180112e-05,8.423975270429764e-05,7.15954566474247e-05,9.62014561216857e-05,1.2248453432941633,7.374193639140847e-05,0.5755884775276091,4.6159144266034946e-05,59.66359740638651,4.292461467810861e-05,2.168519106136755e-05,7.438323922644238e-05,4.3891506852671e-05,3.598451753749056e-05,9.00106463794325e-05,8.162003183172581e-05,2.4763073863616327e-05,66.61226281601049,56.067374162714415,15.842492964489736,6.663370797819918e-05,39.48872000074935,5.9670520512749076e-05,2.041506412350542,4.055187642741514e-05,0.2438030228340291,0.8440984669146866,0.6901574015558898,1.1443146612595598,64.47475255567568,7.550468214619748e-05,7.33240889088712e-05,6.856370211687653e-05,6.569288130819973e-06,1.640526826273947e-05,0.5675226570741954,3.6126002276628246e-05,0.036103744713178815,7.155639169682756e-05,0.9152312119257644,9.805271603103849e-07,2.8077113697122043,3.132483952994771e-05,22.249122862506923,4.3186306208278795e-05,4.582428804086505e-05,9.725194775679291e-06,9.791027785871149e-05,0.19617458417181421,3.73869995288749e-05,0.880639260924196,2.4368972365421384e-05,18569.74954465565
0.8867846623291015,0.09428804881604816,0.059926117277496686,0.8481242621344106,2456.0622971028297,1.0818438751519885,0.8099738105269373,0.08889228718176079,0.06616387235515472,7.55962450852177e-05,4027.5023178580805,0.7666005786075671,1.1212243203493867e-05,5.6312590115227624e-05,7.898148880496785e-05,5.429532255043235e-05,1.264303146485003e-05,0.6076628627833721,9.32366208024755e-05,0.8377007913570809,1105.8567297680972,0.31421903346224783,0.8347569440222586,4.153036550844583,0.003232601362783429,1.020330305784387e-05,0.5840680651657196,0.9643511206684594,22.610313277966828,31.342093000792595,4050.62644116809,284.0503569844648,52.569744474621345,8.72960067049115e-05,4719.3281274696965,2.669361974142488e-05,0.786172265683677,1.1825194533132821,3.0071013772688523e-06,7.669589301557345e-05,0.2697349254555218,1.002152356001157e-05,1.1842798280475835,6.535929914442095e-05,3.0535746666366195,1.2730615373477084e-06,6.701518128070258,5.084439783223898e-05,3.569647576025822e-05,3.2512178602140384e-05,3.743515164107969e-06,2.0546401169374175e-05,9.712220990006361e-05,2.724536764213861,9.187204101995533e-05,0.41271980683376186,7.6151221174067366e-06,102.30594991267648,9.575020180407949e-05,2.5505357176079268e-05,8.574850983860386e-05,3.0686852427834845e-05,1.0793772731759645,4.9872070717910124e-05,7.406537107806892e-05,6.904459780370107e-05,9.59397876640308e-05,0.20000942536633526,2.4177798382643996,7.951382226947248e-05,0.44365492441591825,8.428736947956856e-05,70.01418473371835,3.2752609759387656e-06,5.6758649104396414e-05,9.671272486578065e-06,7.750788731321424e-05,0.7441655787770642,2.431869198331983,3.743755966073222e-05,0.31737730441159084,1.7496529831648956e-05,56.81272237922717,9.432522128258071e-05,2.6021179096747063e-06,8.139772766675059e-05,3.494032253558751e-05,18.327721891216804,17.01030968946704,1.5465778727168368e-07,2.887871953282274e-05,1.3361976655595964,1.0639005082487131e-05,4.506080642334309e-05,0.002359802770580816,2.3130941435638714,7.169910125416856e-06,0.4275623269503539,5.176298767509349e-05,65.91555235320041,6.509292876215064e-05,2.6302304410739586e-05,6.570549853594036e-05,4.4157447487225014e-05,1.7186484952894698,4.869070678001121e-05,0.7279245986573164,4.994835060059099e-05,48.419097682738766,5.4067785844370055e-05,7.78378802413698e-05,1.2564570769938444e-06,3.652848754396949e-05,6.464458339773081e-05,2.2600766816566665e-05,7.446971431781992e-05,6.976323643483669e-05,47.347431104638154,45.72609188493476,11.98340218444467,1.910999044435905e-05,31.89907780308099,5.087569268885806e-05,2.500011786152722,1.6420156351643846e-05,0.277050943739159,0.8337626302448986,0.7787057778593501,0.9625799031173555,51.416769230523116,3.5575910610852216e-05,7.60986503349559e-05,3.175581680652087e-05,5.685242478165509e-06,5.679404523165916e-05,0.48064497611624,9.561374124305178e-05,0.036306577476145636,7.272943834923579e-05,1.1371327235119066,1.0353178507446826e-05,3.0940669852462896,1.7715569818046452e-05,28.63440619945417,5.039419722214249e-05,7.554484992486957e-05,2.417462114925206e-06,8.442119516749624e-05,0.22241708706692184,7.561261653123335e-05,0.9702386277598096,8.01787941664108e-05,17351.03378574605
0.8116617815779517,0.07382843056404735,0.08178191060216651,1.0130159131446688,2325.9836242656397,1.1506454375066064,0.8582087803750036,0.07561357907107148,0.06937540360513224,1.1487479192088857e-05,4821.620573709728,0.9743583705426755,2.246643403885492e-05,3.824507185702635e-05,2.2073724700706123e-05,1.61864829051812e-05,3.978030202835907e-05,0.5938700774116326,6.810843705226067e-06,0.8576401183985041,810.2232321704807,0.294716821394643,0.8216975744876738,4.129264205529558,0.0027926493693345767,3.4605330542787604e-05,0.5605067663128553,0.9047479147773096,27.290889032794855,29.447931217560438,4392.271861539368,286.1770642404577,48.984049311705874,8.99410995127837e-05,3901.6265849653314,9.124419136447071e-06,0.8532010944108059,0.9189896781282677,3.1493226414767063e-06,4.2627766782403147e-05,0.28482266957004043,5.303647239045751e-05,1.1624737235234401,6.739672798392736e-05,2.9550158022407462,3.0437013115998203e-05,7.174727475932154,9.274418346558576e-05,4.812167549809362e-05,2.9531613214045384e-05,3.7631989646754526e-05,9.186426257263298e-05,7.71895963938184e-05,2.34074194869794,9.042277564494939e-07,0.3702704286432888,5.452981585897705e-05,98.51446532346807,1.0653010450400635e-05,5.1278071528968295e-05,1.7988021747441373e-05,3.655339752585285e-06,0.8720409631386281,2.098751790764899e-05,8.630351429558126e-05,2.158405119861847e-05,6.560730397570397e-05,0.23974692634997471,2.398087162232219,8.711707263183644e-05,0.42399064724790214,1.2499408594837003e-06,88.44755084834824,5.200760956932582e-05,9.335946736921487e-05,1.2614061150133593e-05,5.582478671867545e-05,0.6002174845037674,2.3611850114702397,6.035183645705168e-05,0.40544806620406115,7.804352341160615e-06,77.50534857475428,8.479762278215616e-05,9.29933112285354e-05,9.171712220313421e-05,5.322185659057578e-05,20.106531001738173,12.850892883918538,9.224491299252513e-07,4.0581256445603946e-05,1.2737308100228077,3.176856615536111e-05,3.2265274525500535e-05,0.002024093409147806,2.340850772174089,8.1560487406746e-05,0.47201147082142225,9.550679711230787e-05,59.13623304896194,1.5145616031573983e-05,5.219224693491532e-05,5.441644489588389e-05,7.629616772856243e-05,1.4419943479705541,6.276676611928261e-05,0.7888489775311867,4.143492974000263e-06,56.127130691109414,8.644997827855091e-05,5.635754129999131e-05,6.247703605535502e-05,3.98552610685315e-05,9.054458729428729e-05,5.951758061218611e-05,8.584857263967516e-07,2.568312276419481e-05,65.16824681568949,49.00233067279922,14.536266171408663,4.4040248645708105e-06,28.199758214032826,4.305053595945442e-05,1.9629088311076168,5.5056055583710965e-06,0.2793478922463898,0.9315354174998912,0.6239542196261039,1.1064794530411692,54.12709344062216,7.058151190618501e-05,7.67056552815787e-05,3.364378574586098e-05,7.558634391734964e-05,1.6411647198500456e-05,0.47359673085443565,4.6537420052864325e-06,0.033382974046022876,3.489972740191404e-05,1.1189997708460968,3.6230465285072315e-05,3.403144162108865,5.928771549547041e-05,29.123555719103212,5.461529910590072e-05,1.3899987491511957e-05,5.710361574545324e-05,6.308254752972279e-05,0.2581141443586911,1.4133743358327789e-05,1.0756884815889394,1.3579628417821422e-05,17300.400147111617
0.9896706644810478,0.07553569503868629,0.06988926126154864,1.0793336803314861,2374.3480004416233,0.8402684986311676,0.8085512287158615,0.08925056744829597,0.07464025822364029,2.5199720192694497e-05,4935.368515525887,0.8134963929947561,7.091125728675435e-05,4.8821343733423675e-05,2.3953235010807207e-05,7.810467993089469e-05,8.635647971760572e-05,0.7620714954510109,5.528659727884003e-05,0.781952571638894,1058.8423091632164,0.2960236649075345,0.8281257965996067,4.054299410639035,0.003103136753391712,5.511008878177381e-05,0.6981980620125144,0.9078692213289898,21.292634126979962,26.016441189603924,4621.938406708803,300.9303375575013,48.2803314972978,8.411414877458335e-05,4644.934268318898,4.741841247047485e-05,0.9613517526216544,1.1809208655886219,2.3729734846484464e-06,9.27976284692418e-05,0.25660815982169044,3.4373422866712524e-06,1.00690717001564,8.852728694394315e-05,3.329296949932715,3.0874395816769676e-05,7.44750711241105,6.076245569524428e-05,8.481428024396152e-05,5.556573403236299e-05,5.071413910298774e-05,3.967426157116322e-05,2.2569790614093213e-05,2.7375434110037076,6.374274503660644e-05,0.4083295278307911,5.028123785467809e-05,91.69017596212116,7.698986594163976e-05,9.41955953732142e-05,2.2780772407489882e-05,5.6644111109762275e-05,0.8021077881693808,8.712814964249768e-05,8.889249281703188e-05,8.500704134747665e-05,7.334139626770791e-05,0.24985045221832744,2.8030266425586636,1.8434722047437404e-05,0.34836733036746426,8.906208433824697e-05,96.03400934200391,3.9093767990580235e-05,8.403971384128448e-05,2.2391003417660296e-05,4.439755243094232e-05,0.7323617061294376,2.9936453242027703,2.631546262594964e-05,0.38833910321936926,9.556160689659543e-05,78.00855161280334,7.576402807116807e-05,2.3208442118314434e-05,9.714344117557214e-05,4.935492753149378e-05,17.67504527273346,13.89002602934489,1.8995900543443912e-06,7.638830716112478e-06,1.1429905013318746,5.973095577554276e-05,7.359941783993373e-05,0.001850066591859315,1.8537229374221962,7.278800518876128e-06,0.5249324083713344,6.35977802242729e-05,57.76756814554308,5.672693088192721e-05,9.133252896098774e-05,1.0453682172912927e-05,2.5996428861787957e-05,1.5078136811580847,2.189609738713031e-05,0.7587390857124028,8.690396841267346e-05,44.74328431907642,6.902778754259552e-05,9.907910800489992e-05,1.8799884226458252e-05,1.8525723222538317e-06,8.566733726792319e-05,2.4927540625971024e-06,1.4546973982002554e-05,5.612910059494614e-06,64.30638827104589,50.19894440857108,15.882535600892695,6.614178117526705e-05,36.114938045121555,1.4998017876260794e-05,1.9674267274380484,3.1663375513633e-05,0.27356372736904117,0.7302124276506868,0.5763149173808353,1.112935445269655,68.36647126616617,5.4843062963815487e-05,2.647732708297768e-07,2.5567535918363517e-05,5.20267540233913e-06,2.208335472672256e-05,0.4649431498285752,7.59444497298992e-05,0.03919518066388711,7.147899052230456e-06,0.9010211753566945,4.7988972510344975e-05,2.7080683680246604,8.169449388967874e-05,23.16064996277318,8.754620031423396e-05,3.438850589029223e-05,4.6097650329392994e-05,9.920386544294825e-05,0.24805635727988584,3.3018257277398646e-05,0.9299419766800012,5.374257321233653e-05,18694.758961431595
0.8519596918302086,0.06842151594871275,0.05759074936184033,0.8389628460112506,2091.0672731112927,1.0082338937192934,0.8422168186478562,0.08693934077770515,0.076928043673974,4.8899134140429545e-05,4665.3725488711425,0.8232658306618833,8.140686444774913e-05,6.275321384659516e-06,8.154017101459831e-05,6.638016187145762e-05,5.856084446293866e-05,0.781409103700313,1.997548657213131e-05,0.8563313929301374,1097.1644291453322,0.2509830615173354,0.9495552503263198,3.8688683032036164,0.0031987430090857937,6.322458048747232e-05,0.6884031320197035,0.8417375457976967,24.558677404435787,23.98869507419101,4530.061174933957,306.8568906210606,50.79077419251505,1.9195023290613977e-05,4923.465649281777,4.327502387757755e-05,0.8234965485377095,1.069307681263838,2.3701219367626354e-06,5.440836828371485e-05,0.2448505477407597,2.3221836584181867e-06,1.1793492116311728,8.75154957153974e-05,2.720809107529379,9.50530764563959e-05,6.112859002821559,9.238999067097432e-05,8.305176522909485e-05,6.27868385616796e-05,1.5707891211549163e-05,1.513215139647306e-07,6.670422850064178e-05,2.6344170192991343,6.964568832937271e-05,0.3112247198990976,6.411653862174907e-05,99.47363943992963,2.976279220309327e-05,2.7651765193810143e-05,4.160208101748968e-05,7.89429619767067e-06,0.7417100209922333,4.396916407124038e-05,6.246125345162087e-05,8.585627320673917e-05,3.286552069211734e-05,0.22810912251524823,2.6107148715774358,5.550747485804706e-05,0.4172722465783514,8.022474926910113e-05,98.46169885797732,9.625157775624691e-05,8.875565352751809e-05,4.04238779812988e-05,5.41861710116333e-05,0.581923483392295,2.3209914788961163,5.0335949183965e-07,0.39828045232470966,3.598728284765227e-05,68.81105469191263,3.597867462030479e-05,3.554939505621697e-05,8.450616793784491e-05,3.6634321672419436e-05,20.52104768814091,16.77181671093973,5.52893005960036e-05,8.777221485914857e-05,1.359223176157403,6.248500577375715e-05,4.759087415393224e-05,0.0019292031852135014,2.105359406507734,8.651614355191452e-05,0.4149333318577796,4.236819602558401e-05,70.83497864538566,8.293838202913639e-05,6.338365560794715e-05,3.166572005680796e-05,4.6320553024280365e-05,1.6478755828997562,6.387663412840613e-05,0.7560056027888677,1.8514122318044947e-06,51.62973236878322,1.1263012107766147e-05,5.446089722752286e-05,9.971222431909539e-05,4.364489188609048e-05,2.261845695778131e-05,5.2092435626906e-05,6.244245868598402e-05,8.160406254088047e-05,61.36452853180931,54.94885677351463,12.69961447174993,5.5635902950555355e-05,27.15221921587947,2.8390728090965012e-05,2.56987789900309,6.662413146559352e-05,0.23257252942170858,0.7055090937381063,0.6534342687361133,1.0034912268357359,52.64760859690095,5.3500193765060914e-05,5.442938187857299e-05,5.015404717164588e-05,3.86364610661038e-05,5.1648294540299515e-06,0.5223149314704365,3.525789667574638e-05,0.03354229342379721,6.069444206211361e-07,1.0262606221282327,4.8941778661602066e-05,2.672704277520009,6.596058425135068e-05,27.304910422714386,7.397644692301121e-05,6.969207353964959e-05,2.4380733388821596e-05,2.6655219345469784e-05,0.1916976336715136,8.99090584132464e-05,0.8101570715238252,1.7008107434007613e-05,18377.96046939729
0.7263060058347632,0.07798568611057274,0.06325335353819302,1.0464815270773717,2003.4926809086087,0.9234249417756126,0.7894906103791953,0.07573355255329944,0.059486287361627525,6.37240206509374e-05,4795.5582969415045,1.01296982617592,2.643387083601052e-05,6.246988460738378e-05,8.933707659900306e-05,5.444392688157322e-05,2.347120671790083e-05,0.7705219265761438,3.7231842619592336e-05,0.7479249800603469,855.9554521749612,0.23022704825284654,0.9379870741006293,4.954831539726076,0.003333430847703199,1.9430329802478308e-05,0.5734565020867936,0.7868612347171091,26.295477003600798,25.167739553558526,4426.850746054006,286.89706357191574,46.06794247355151,2.2668126053467174e-05,5004.428108187084,6.125666375994556e-05,1.0587800475321598,1.1811209961479143,2.7072736347955966e-06,1.6676291162491708e-05,0.3020461491087278,6.530098469271101e-05,1.0538688032629384,9.742505828766863e-05,3.148302540705483,6.308951785365025e-06,7.1787818040032825,7.23811191481565e-05,8.715396097376218e-05,3.7826562719764e-05,4.990101462769532e-05,8.741488051759684e-05,1.168326112814162e-05,2.604844834505207,4.1975868885112845e-06,0.38231215756398684,9.685661509042514e-05,112.38703779838082,1.2043445146504862e-05,4.3106521797059605e-05,4.7239293077525417e-05,2.4004580243149077e-05,0.8040900680749584,6.926713458775243e-05,3.958961328525274e-05,3.938447187813139e-05,3.478683765697864e-05,0.23562421315595145,2.594019571995897,2.0212862850592173e-05,0.3995022618250914,8.88127610688115e-05,89.13813469341586,5.790494665021251e-06,5.9040117893778834e-06,6.064976293745347e-05,1.2195515916630763e-05,0.7046832804124059,2.7846852203327863,8.045055950652419e-05,0.39450416856542403,8.86562047040932e-05,82.69481189591491,2.4696270147137003e-05,1.4834226477300816e-06,2.2732830471517908e-05,9.774222159953862e-06,19.347102880124034,14.353372256792179,3.444237595113007e-05,6.376184569377735e-05,1.1145126558585188,4.117496315450719e-06,6.793530846910145e-05,0.0021034658476420365,1.7124487153780954,5.470001515682265e-05,0.5422227133257327,4.9739954972043235e-05,69.94903554611615,8.55008848807731e-05,6.666056254342057e-05,3.570597340318993e-05,6.096173190391713e-05,1.7567993858369229,2.565507529167367e-05,0.5441892234964727,1.8951984289177028e-05,42.586789075389966,8.997461019405654e-05,3.615452201082003e-05,2.556276272262259e-06,9.483430220397106e-05,5.462483117234498e-05,8.84167505517287e-05,3.4633631456247094e-06,1.4668692567270403e-05,52.09917040212724,55.825987282963496,13.841798045646836,7.230373153109356e-05,31.160629760805012,2.537950094282654e-05,2.114939750034943,2.874985108243704e-05,0.28536962547853173,0.6689512905775009,0.6821028663824237,0.8153107098344479,64.5352092642088,3.354841011625748e-05,4.994086461123991e-05,9.43445494064911e-05,2.850343582431203e-06,7.675408300367471e-05,0.4817249224391171,9.657162707836868e-05,0.03304254659596948,7.298911763198857e-05,1.176788366547446,4.6555755911145734e-05,2.989996482499916,7.604075756445912e-05,29.59375324812425,2.578727704421726e-05,4.162187007609369e-05,8.619479595253058e-05,2.1621555231275116e-05,0.2090544224360693,6.93488041367085e-05,0.8423044263163221,4.2577938113629546e-05,18152.908115769795
