Time,ZONE1:NETHERLANDS ANN HTG 99.6% CONDNS DB:Des Heat Load [W],ZONE1:NETHERLANDS ANN CLG 1% CONDNS DB=>MWB:Des Sens Cool Load [W],ZONE1:NETHERLANDS ANN HTG 99.6% CONDNS DB:Des Heat Mass Flow [kg/s],ZONE1:NETHERLANDS ANN CLG 1% CONDNS DB=>MWB:Des Cool Mass Flow [kg/s],ZONE1::Des Latent Heat Load [W],ZONE1::Des Latent Cool Load [W],ZONE1::Des Latent Heat Mass Flow [kg/s],ZONE1::Des Latent Cool Mass Flow [kg/s],ZONE1::Des Heat Load No DOAS [W],ZONE1::Des Sens Cool Load No DOAS [W],ZONE1::Des Latent Heat Load No DOAS [W],ZONE1::Des Latent Cool Load No DOAS [W],ZONE1:NETHERLANDS ANN HTG 99.6% CONDNS DB:Heating Zone Temperature [C],ZONE1:NETHERLANDS ANN HTG 99.6% CONDNS DB:Heating Zone Relative Humidity [%],ZONE1:NETHERLANDS ANN CLG 1% CONDNS DB=>MWB:Cooling Zone Temperature [C],ZONE1:NETHERLANDS ANN CLG 1% CONDNS DB=>MWB:Cooling Zone Relative Humidity [%],ZONE2:NETHERLANDS ANN HTG 99.6% CONDNS DB:Des Heat Load [W],ZONE2:NETHERLANDS ANN CLG 1% CONDNS DB=>MWB:Des Sens Cool Load [W],ZONE2:NETHERLANDS ANN HTG 99.6% CONDNS DB:Des Heat Mass Flow [kg/s],ZONE2:NETHERLANDS ANN CLG 1% CONDNS DB=>MWB:Des Cool Mass Flow [kg/s],ZONE2::Des Latent Heat Load [W],ZONE2::Des Latent Cool Load [W],ZONE2::Des Latent Heat Mass Flow [kg/s],ZONE2::Des Latent Cool Mass Flow [kg/s],ZONE2::Des Heat Load No DOAS [W],ZONE2::Des Sens Cool Load No DOAS [W],ZONE2::Des Latent Heat Load No DOAS [W],ZONE2::Des Latent Cool Load No DOAS [W],ZONE2:NETHERLANDS ANN HTG 99.6% CONDNS DB:Heating Zone Temperature [C],ZONE2:NETHERLANDS ANN HTG 99.6% CONDNS DB:Heating Zone Relative Humidity [%],ZONE2:NETHERLANDS ANN CLG 1% CONDNS DB=>MWB:Cooling Zone Temperature [C],ZONE2:NETHERLANDS ANN CLG 1% CONDNS DB=>MWB:Cooling Zone Relative Humidity [%],ZONE3:NETHERLANDS ANN HTG 99.6% CONDNS DB:Des Heat Load [W],ZONE3:NETHERLANDS ANN CLG 1% CONDNS DB=>MWB:Des Sens Cool Load [W],ZONE3:NETHERLANDS ANN HTG 99.6% CONDNS DB:Des Heat Mass Flow [kg/s],ZONE3:NETHERLANDS ANN CLG 1% CONDNS DB=>MWB:Des Cool Mass Flow [kg/s],ZONE3::Des Latent Heat Load [W],ZONE3::Des Latent Cool Load [W],ZONE3::Des Latent Heat Mass Flow [kg/s],ZONE3::Des Latent Cool Mass Flow [kg/s],ZONE3::Des Heat Load No DOAS [W],ZONE3::Des Sens Cool Load No DOAS [W],ZONE3::Des Latent Heat Load No DOAS [W],ZONE3::Des Latent Cool Load No DOAS [W],ZONE3:NETHERLANDS ANN HTG 99.6% CONDNS DB:Heating Zone Temperature [C],ZONE3:NETHERLANDS ANN HTG 99.6% CONDNS DB:Heating Zone Relative Humidity [%],ZONE3:NETHERLANDS ANN CLG 1% CONDNS DB=>MWB:Cooling Zone Temperature [C],ZONE3:NETHERLANDS ANN CLG 1% CONDNS DB=>MWB:Cooling Zone Relative Humidity [%]
00:15:00,1.034083E+03,0.000000E+00,3.090449E-02,0.000000E+00,0.000000E+00,0.000000E+00,0.000000E+00,0.000000E+00,0.000000E+00,0.000000E+00,0.000000E+00,0.000000E+00,1.502844E+01,3.284809E+01,2.606968E+01,3.736457E+01,9.745316E+02,1.736396E+01,2.912473E-02,1.381256E-03,0.000000E+00,0.000000E+00,0.000000E+00,0.000000E+00,0.000000E+00,0.000000E+00,0.000000E+00,0.000000E+00,1.502843E+01,3.271722E+01,2.645002E+01,3.755941E+01,1.214233E+03,5.236838E+01,3.628845E-02,4.165737E-03,0.000000E+00,0.000000E+00,0.000000E+00,0.000000E+00,0.000000E+00,0.000000E+00,0.000000E+00,0.000000E+00,1.502846E+01,3.318916E+01,2.645015E+01,3.813732E+01
00:30:00,1.038107E+03,0.000000E+00,3.102479E-02,0.000000E+00,0.000000E+00,0.000000E+00,0.000000E+00,0.000000E+00,0.000000E+00,0.000000E+00,0.000000E+00,0.000000E+00,1.502846E+01,3.287460E+01,2.597725E+01,3.745109E+01,9.782143E+02,7.819570E+00,2.923482E-02,6.220273E-04,0.000000E+00,0.000000E+00,0.000000E+00,0.000000E+00,0.000000E+00,0.000000E+00,0.000000E+00,0.000000E+00,1.502844E+01,3.274560E+01,2.642127E+01,3.741917E+01,1.218930E+03,3.679168E+01,3.642886E-02,2.926670E-03,0.000000E+00,0.000000E+00,0.000000E+00,0.000000E+00,0.000000E+00,0.000000E+00,0.000000E+00,0.000000E+00,1.502847E+01,3.320784E+01,2.645010E+01,3.797233E+01
00:45:00,1.041796E+03,0.000000E+00,3.113504E-02,0.000000E+00,0.000000E+00,0.000000E+00,0.000000E+00,0.000000E+00,0.000000E+00,0.000000E+00,0.000000E+00,0.000000E+00,1.502847E+01,3.289607E+01,2.588710E+01,3.754402E+01,9.815952E+02,2.084870E+00,2.933588E-02,1.658468E-04,0.000000E+00,0.000000E+00,0.000000E+00,0.000000E+00,0.000000E+00,0.000000E+00,0.000000E+00,0.000000E+00,1.502845E+01,3.276848E+01,2.635847E+01,3.736241E+01,1.223275E+03,2.169814E+01,3.655872E-02,1.726027E-03,0.000000E+00,0.000000E+00,0.000000E+00,0.000000E+00,0.000000E+00,0.000000E+00,0.000000E+00,0.000000E+00,1.502848E+01,3.322306E+01,2.645006E+01,3.778506E+01
01:00:00,1.045185E+03,0.000000E+00,3.123633E-02,0.000000E+00,0.000000E+00,0.000000E+00,0.000000E+00,0.000000E+00,0.000000E+00,0.000000E+00,0.000000E+00,0.000000E+00,1.502847E+01,3.291381E+01,2.579771E+01,3.764546E+01,9.847044E+02,0.000000E+00,2.942881E-02,0.000000E+00,0.000000E+00,0.000000E+00,0.000000E+00,0.000000E+00,0.000000E+00,0.000000E+00,0.000000E+00,0.000000E+00,1.502846E+01,3.278729E+01,2.628171E+01,3.735299E+01,1.227302E+03,1.047702E+01,3.667908E-02,8.334204E-04,0.000000E+00,0.000000E+00,0.000000E+00,0.000000E+00,0.000000E+00,0.000000E+00,0.000000E+00,0.000000E+00,1.502849E+01,3.323561E+01,2.645172E+01,3.756952E+01
01:15:00,1.050591E+03,0.000000E+00,3.139792E-02,0.000000E+00,0.000000E+00,0.000000E+00,0.000000E+00,0.000000E+00,0.000000E+00,0.000000E+00,0.000000E+00,0.000000E+00,1.502848E+01,3.292881E+01,2.570910E+01,3.775446E+01,9.896991E+02,0.000000E+00,2.957809E-02,0.000000E+00,0.000000E+00,0.000000E+00,0.000000E+00,0.000000E+00,0.000000E+00,0.000000E+00,0.000000E+00,0.000000E+00,1.502847E+01,3.280313E+01,2.620452E+01,3.736196E+01,1.232580E+03,3.509752E+00,3.683685E-02,2.791927E-04,0.000000E+00,0.000000E+00,0.000000E+00,0.000000E+00,0.000000E+00,0.000000E+00,0.000000E+00,0.000000E+00,1.502849E+01,3.324621E+01,2.640999E+01,3.744963E+01
01:30:00,1.055711E+03,0.000000E+00,3.155092E-02,0.000000E+00,0.000000E+00,0.000000E+00,0.000000E+00,0.000000E+00,0.000000E+00,0.000000E+00,0.000000E+00,0.000000E+00,1.502848E+01,3.294185E+01,2.562612E+01,3.785943E+01,9.944339E+02,0.000000E+00,2.971960E-02,0.000000E+00,0.000000E+00,0.000000E+00,0.000000E+00,0.000000E+00,0.000000E+00,0.000000E+00,0.000000E+00,0.000000E+00,1.502847E+01,3.281682E+01,2.613384E+01,3.737230E+01,1.237559E+03,0.000000E+00,3.698565E-02,0.000000E+00,0.000000E+00,0.000000E+00,0.000000E+00,0.000000E+00,0.000000E+00,0.000000E+00,0.000000E+00,0.000000E+00,1.502849E+01,3.325545E+01,2.634122E+01,3.740372E+01
01:45:00,1.060575E+03,0.000000E+00,3.169631E-02,0.000000E+00,0.000000E+00,0.000000E+00,0.000000E+00,0.000000E+00,0.000000E+00,0.000000E+00,0.000000E+00,0.000000E+00,1.502848E+01,3.295342E+01,2.554809E+01,3.796110E+01,9.989414E+02,0.000000E+00,2.985431E-02,0.000000E+00,0.000000E+00,0.000000E+00,0.000000E+00,0.000000E+00,0.000000E+00,0.000000E+00,0.000000E+00,0.000000E+00,1.502847E+01,3.282892E+01,2.606729E+01,3.738726E+01,1.242277E+03,0.000000E+00,3.712665E-02,0.000000E+00,0.000000E+00,0.000000E+00,0.000000E+00,0.000000E+00,0.000000E+00,0.000000E+00,0.000000E+00,0.000000E+00,1.502849E+01,3.326371E+01,2.626834E+01,3.738541E+01
02:00:00,1.065216E+03,0.000000E+00,3.183499E-02,0.000000E+00,0.000000E+00,0.000000E+00,0.000000E+00,0.000000E+00,0.000000E+00,0.000000E+00,0.000000E+00,0.000000E+00,1.502849E+01,3.296390E+01,2.547218E+01,3.806522E+01,1.003248E+03,0.000000E+00,2.998302E-02,0.000000E+00,0.000000E+00,0.000000E+00,0.000000E+00,0.000000E+00,0.000000E+00,0.000000E+00,0.000000E+00,0.000000E+00,1.502847E+01,3.283984E+01,2.600162E+01,3.741253E+01,1.246764E+03,0.000000E+00,3.726075E-02,0.000000E+00,0.000000E+00,0.000000E+00,0.000000E+00,0.000000E+00,0.000000E+00,0.000000E+00,0.000000E+00,0.000000E+00,1.502850E+01,3.327124E+01,2.619761E+01,3.738001E+01
02:15:00,1.069648E+03,0.000000E+00,3.196745E-02,0.000000E+00,0.000000E+00,0.000000E+00,0.000000E+00,0.000000E+00,0.000000E+00,0.000000E+00,0.000000E+00,0.000000E+00,1.502849E+01,3.297357E+01,2.539720E+01,3.817382E+01,1.007372E+03,0.000000E+00,3.010626E-02,0.000000E+00,0.000000E+00,0.000000E+00,0.000000E+00,0.000000E+00,0.000000E+00,0.000000E+00,0.000000E+00,0.000000E+00,1.502848E+01,3.284988E+01,2.593591E+01,3.744891E+01,1.251040E+03,0.000000E+00,3.738854E-02,0.000000E+00,0.000000E+00,0.000000E+00,0.000000E+00,0.000000E+00,0.000000E+00,0.000000E+00,0.000000E+00,0.000000E+00,1.502850E+01,3.327823E+01,2.612692E+01,3.739002E+01
02:30:00,1.073914E+03,0.000000E+00,3.209496E-02,0.000000E+00,0.000000E+00,0.000000E+00,0.000000E+00,0.000000E+00,0.000000E+00,0.000000E+00,0.000000E+00,0.000000E+00,1.502849E+01,3.298258E+01,2.532537E+01,3.828134E+01,1.011350E+03,0.000000E+00,3.022516E-02,0.000000E+00,0.000000E+00,0.000000E+00,0.000000E+00,0.000000E+00,0.000000E+00,0.000000E+00,0.000000E+00,0.000000E+00,1.502848E+01,3.285923E+01,2.587290E+01,3.748941E+01,1.255149E+03,0.000000E+00,3.751135E-02,0.000000E+00,0.000000E+00,0.000000E+00,0.000000E+00,0.000000E+00,0.000000E+00,0.000000E+00,0.000000E+00,0.000000E+00,1.502850E+01,3.328479E+01,2.605717E+01,3.741162E+01
02:45:00,1.078014E+03,0.000000E+00,3.221749E-02,0.000000E+00,0.000000E+00,0.000000E+00,0.000000E+00,0.000000E+00,0.000000E+00,0.000000E+00,0.000000E+00,0.000000E+00,1.502849E+01,3.299105E+01,2.525651E+01,3.838765E+01,1.015185E+03,0.000000E+00,3.033978E-02,0.000000E+00,0.000000E+00,0.000000E+00,0.000000E+00,0.000000E+00,0.000000E+00,0.000000E+00,0.000000E+00,0.000000E+00,1.502848E+01,3.286801E+01,2.581240E+01,3.753358E+01,1.259092E+03,0.000000E+00,3.762919E-02,0.000000E+00,0.000000E+00,0.000000E+00,0.000000E+00,0.000000E+00,0.000000E+00,0.000000E+00,0.000000E+00,0.000000E+00,1.502850E+01,3.329098E+01,2.598816E+01,3.744384E+01
03:00:00,1.081954E+03,0.000000E+00,3.233525E-02,0.000000E+00,0.000000E+00,0.000000E+00,0.000000E+00,0.000000E+00,0.000000E+00,0.000000E+00,0.000000E+00,0.000000E+00,1.502849E+01,3.299906E+01,2.518915E+01,3.849559E+01,1.018881E+03,0.000000E+00,3.045025E-02,0.000000E+00,0.000000E+00,0.000000E+00,0.000000E+00,0.000000E+00,0.000000E+00,0.000000E+00,0.000000E+00,0.000000E+00,1.502848E+01,3.287631E+01,2.575304E+01,3.758368E+01,1.262873E+03,0.000000E+00,3.774220E-02,0.000000E+00,0.000000E+00,0.000000E+00,0.000000E+00,0.000000E+00,0.000000E+00,0.000000E+00,0.000000E+00,0.000000E+00,1.502850E+01,3.329685E+01,2.591908E+01,3.748733E+01
03:15:00,1.085744E+03,0.000000E+00,3.244853E-02,0.000000E+00,0.000000E+00,0.000000E+00,0.000000E+00,0.000000E+00,0.000000E+00,0.000000E+00,0.000000E+00,0.000000E+00,1.502849E+01,3.300665E+01,2.512269E+01,3.860618E+01,1.022449E+03,0.000000E+00,3.055688E-02,0.000000E+00,0.000000E+00,0.000000E+00,0.000000E+00,0.000000E+00,0.000000E+00,0.000000E+00,0.000000E+00,0.000000E+00,1.502848E+01,3.288419E+01,2.569409E+01,3.764058E+01,1.266505E+03,0.000000E+00,3.785073E-02,0.000000E+00,0.000000E+00,0.000000E+00,0.000000E+00,0.000000E+00,0.000000E+00,0.000000E+00,0.000000E+00,0.000000E+00,1.502850E+01,3.330242E+01,2.584955E+01,3.754207E+01
03:30:00,1.089396E+03,0.000000E+00,3.255766E-02,0.000000E+00,0.000000E+00,0.000000E+00,0.000000E+00,0.000000E+00,0.000000E+00,0.000000E+00,0.000000E+00,0.000000E+00,1.502849E+01,3.301389E+01,2.505690E+01,3.871950E+01,1.025898E+03,0.000000E+00,3.065995E-02,0.000000E+00,0.000000E+00,0.000000E+00,0.000000E+00,0.000000E+00,0.000000E+00,0.000000E+00,0.000000E+00,0.000000E+00,1.502848E+01,3.289171E+01,2.563548E+01,3.770377E+01,1.269997E+03,0.000000E+00,3.795510E-02,0.000000E+00,0.000000E+00,0.000000E+00,0.000000E+00,0.000000E+00,0.000000E+00,0.000000E+00,0.000000E+00,0.000000E+00,1.502850E+01,3.330774E+01,2.577953E+01,3.760725E+01
03:45:00,1.092918E+03,0.000000E+00,3.266291E-02,0.000000E+00,0.000000E+00,0.000000E+00,0.000000E+00,0.000000E+00,0.000000E+00,0.000000E+00,0.000000E+00,0.000000E+00,1.502849E+01,3.302078E+01,2.499188E+01,3.883498E+01,1.029236E+03,0.000000E+00,3.075972E-02,0.000000E+00,0.000000E+00,0.000000E+00,0.000000E+00,0.000000E+00,0.000000E+00,0.000000E+00,0.000000E+00,0.000000E+00,1.502848E+01,3.289891E+01,2.557726E+01,3.777256E+01,1.273359E+03,0.000000E+00,3.805559E-02,0.000000E+00,0.000000E+00,0.000000E+00,0.000000E+00,0.000000E+00,0.000000E+00,0.000000E+00,0.000000E+00,0.000000E+00,1.502850E+01,3.331281E+01,2.570909E+01,3.768196E+01
04:00:00,1.096318E+03,0.000000E+00,3.276453E-02,0.000000E+00,0.000000E+00,0.000000E+00,0.000000E+00,0.000000E+00,0.000000E+00,0.000000E+00,0.000000E+00,0.000000E+00,1.502850E+01,3.302738E+01,2.492751E+01,3.895263E+01,1.032472E+03,0.000000E+00,3.085641E-02,0.000000E+00,0.000000E+00,0.000000E+00,0.000000E+00,0.000000E+00,0.000000E+00,0.000000E+00,0.000000E+00,0.000000E+00,1.502849E+01,3.290581E+01,2.551938E+01,3.784649E+01,1.276601E+03,0.000000E+00,3.815248E-02,0.000000E+00,0.000000E+00,0.000000E+00,0.000000E+00,0.000000E+00,0.000000E+00,0.000000E+00,0.000000E+00,0.000000E+00,1.502850E+01,3.331767E+01,2.563826E+01,3.776544E+01
04:15:00,1.099605E+03,0.000000E+00,3.286276E-02,0.000000E+00,0.000000E+00,0.000000E+00,0.000000E+00,0.000000E+00,0.000000E+00,0.000000E+00,0.000000E+00,0.000000E+00,1.502850E+01,3.303371E+01,2.486375E+01,3.907221E+01,1.035612E+03,0.000000E+00,3.095025E-02,0.000000E+00,0.000000E+00,0.000000E+00,0.000000E+00,0.000000E+00,0.000000E+00,0.000000E+00,0.000000E+00,0.000000E+00,1.502849E+01,3.291245E+01,2.546176E+01,3.792523E+01,1.279731E+03,0.000000E+00,3.824601E-02,0.000000E+00,0.000000E+00,0.000000E+00,0.000000E+00,0.000000E+00,0.000000E+00,0.000000E+00,0.000000E+00,0.000000E+00,1.502850E+01,3.332233E+01,2.556703E+01,3.785706E+01
04:30:00,1.102785E+03,0.000000E+00,3.295781E-02,0.000000E+00,0.000000E+00,0.000000E+00,0.000000E+00,0.000000E+00,0.000000E+00,0.000000E+00,0.000000E+00,0.000000E+00,1.502850E+01,3.303978E+01,2.480286E+01,3.918819E+01,1.038663E+03,0.000000E+00,3.104143E-02,0.000000E+00,0.000000E+00,0.000000E+00,0.000000E+00,0.000000E+00,0.000000E+00,0.000000E+00,0.000000E+00,0.000000E+00,1.502849E+01,3.291884E+01,2.540679E+01,3.800296E+01,1.282755E+03,0.000000E+00,3.833640E-02,0.000000E+00,0.000000E+00,0.000000E+00,0.000000E+00,0.000000E+00,0.000000E+00,0.000000E+00,0.000000E+00,0.000000E+00,1.502850E+01,3.332680E+01,2.549791E+01,3.795059E+01
04:45:00,1.105866E+03,0.000000E+00,3.304987E-02,0.000000E+00,0.000000E+00,0.000000E+00,0.000000E+00,0.000000E+00,0.000000E+00,0.000000E+00,0.000000E+00,0.000000E+00,1.502850E+01,3.304562E+01,2.474446E+01,3.930118E+01,1.041630E+03,0.000000E+00,3.113013E-02,0.000000E+00,0.000000E+00,0.000000E+00,0.000000E+00,0.000000E+00,0.000000E+00,0.000000E+00,0.000000E+00,0.000000E+00,1.502849E+01,3.292501E+01,2.535404E+01,3.808021E+01,1.285681E+03,0.000000E+00,3.842384E-02,0.000000E+00,0.000000E+00,0.000000E+00,0.000000E+00,0.000000E+00,0.000000E+00,0.000000E+00,0.000000E+00,0.000000E+00,1.502851E+01,3.333110E+01,2.543054E+01,3.804627E+01
05:00:00,1.108852E+03,0.000000E+00,3.313914E-02,0.000000E+00,0.000000E+00,0.000000E+00,0.000000E+00,0.000000E+00,0.000000E+00,0.000000E+00,0.000000E+00,0.000000E+00,1.502850E+01,3.305124E+01,2.468714E+01,3.941426E+01,1.044520E+03,0.000000E+00,3.121649E-02,0.000000E+00,0.000000E+00,0.000000E+00,0.000000E+00,0.000000E+00,0.000000E+00,0.000000E+00,0.000000E+00,0.000000E+00,1.502849E+01,3.293098E+01,2.530215E+01,3.815964E+01,1.288515E+03,0.000000E+00,3.850853E-02,0.000000E+00,0.000000E+00,0.000000E+00,0.000000E+00,0.000000E+00,0.000000E+00,0.000000E+00,0.000000E+00,0.000000E+00,1.502851E+01,3.333524E+01,2.536361E+01,3.814655E+01
05:15:00,1.111751E+03,0.000000E+00,3.322576E-02,0.000000E+00,0.000000E+00,0.000000E+00,0.000000E+00,0.000000E+00,0.000000E+00,0.000000E+00,0.000000E+00,0.000000E+00,1.502850E+01,3.305666E+01,2.463187E+01,3.952488E+01,1.047337E+03,0.000000E+00,3.130068E-02,0.000000E+00,0.000000E+00,0.000000E+00,0.000000E+00,0.000000E+00,0.000000E+00,0.000000E+00,0.000000E+00,0.000000E+00,1.502849E+01,3.293675E+01,2.525203E+01,3.823881E+01,1.291262E+03,0.000000E+00,3.859064E-02,0.000000E+00,0.000000E+00,0.000000E+00,0.000000E+00,0.000000E+00,0.000000E+00,0.000000E+00,0.000000E+00,0.000000E+00,1.502851E+01,3.333923E+01,2.529813E+01,3.824867E+01
05:30:00,1.114566E+03,0.000000E+00,3.330990E-02,0.000000E+00,0.000000E+00,0.000000E+00,0.000000E+00,0.000000E+00,0.000000E+00,0.000000E+00,0.000000E+00,0.000000E+00,1.502850E+01,3.306190E+01,2.465696E+01,3.944776E+01,1.050085E+03,0.000000E+00,3.138282E-02,0.000000E+00,0.000000E+00,0.000000E+00,0.000000E+00,0.000000E+00,0.000000E+00,0.000000E+00,0.000000E+00,0.000000E+00,1.502849E+01,3.294235E+01,2.528180E+01,3.813976E+01,1.293928E+03,0.000000E+00,3.867031E-02,0.000000E+00,0.000000E+00,0.000000E+00,0.000000E+00,0.000000E+00,0.000000E+00,0.000000E+00,0.000000E+00,0.000000E+00,1.502851E+01,3.334309E+01,2.531556E+01,3.816681E+01
05:45:00,1.117303E+03,0.000000E+00,3.339168E-02,0.000000E+00,0.000000E+00,0.000000E+00,0.000000E+00,0.000000E+00,0.000000E+00,0.000000E+00,0.000000E+00,0.000000E+00,1.502850E+01,3.306695E+01,2.483791E+01,3.900773E+01,1.052769E+03,0.000000E+00,3.146304E-02,0.000000E+00,0.000000E+00,0.000000E+00,0.000000E+00,0.000000E+00,0.000000E+00,0.000000E+00,0.000000E+00,0.000000E+00,1.502849E+01,3.294778E+01,2.546569E+01,3.769701E+01,1.296517E+03,0.000000E+00,3.874770E-02,0.000000E+00,0.000000E+00,0.000000E+00,0.000000E+00,0.000000E+00,0.000000E+00,0.000000E+00,0.000000E+00,0.000000E+00,1.502851E+01,3.334681E+01,2.549466E+01,3.772495E+01
06:00:00,1.119965E+03,0.000000E+00,3.347125E-02,0.000000E+00,0.000000E+00,0.000000E+00,0.000000E+00,0.000000E+00,0.000000E+00,0.000000E+00,0.000000E+00,0.000000E+00,1.502850E+01,3.307184E+01,2.511006E+01,3.836564E+01,1.055393E+03,0.000000E+00,3.154144E-02,0.000000E+00,0.000000E+00,0.000000E+00,0.000000E+00,0.000000E+00,0.000000E+00,0.000000E+00,0.000000E+00,0.000000E+00,1.502849E+01,3.295305E+01,2.574584E+01,3.705053E+01,1.299035E+03,0.000000E+00,3.882293E-02,0.000000E+00,0.000000E+00,0.000000E+00,0.000000E+00,0.000000E+00,0.000000E+00,0.000000E+00,0.000000E+00,0.000000E+00,1.502851E+01,3.335042E+01,2.577626E+01,3.706631E+01
06:15:00,1.161476E+03,0.000000E+00,3.471184E-02,0.000000E+00,0.000000E+00,0.000000E+00,0.000000E+00,0.000000E+00,0.000000E+00,0.000000E+00,0.000000E+00,0.000000E+00,1.502850E+01,3.307658E+01,2.539310E+01,3.771231E+01,1.096904E+03,0.000000E+00,3.278205E-02,0.000000E+00,0.000000E+00,0.000000E+00,0.000000E+00,0.000000E+00,0.000000E+00,0.000000E+00,0.000000E+00,0.000000E+00,1.502849E+01,3.295818E+01,2.603691E+01,3.639525E+01,1.340456E+03,0.000000E+00,4.006086E-02,0.000000E+00,0.000000E+00,0.000000E+00,0.000000E+00,0.000000E+00,0.000000E+00,0.000000E+00,0.000000E+00,0.000000E+00,1.502851E+01,3.335391E+01,2.607168E+01,3.639385E+01
06:30:00,1.202930E+03,0.000000E+00,3.595070E-02,0.000000E+00,0.000000E+00,0.000000E+00,0.000000E+00,0.000000E+00,0.000000E+00,0.000000E+00,0.000000E+00,0.000000E+00,1.502835E+01,3.277737E+01,2.546748E+01,3.752998E+01,1.138373E+03,0.000000E+00,3.402132E-02,0.000000E+00,0.000000E+00,0.000000E+00,0.000000E+00,0.000000E+00,0.000000E+00,0.000000E+00,0.000000E+00,0.000000E+00,1.502832E+01,3.266372E+01,2.610582E+01,3.621892E+01,1.381823E+03,0.000000E+00,4.129709E-02,0.000000E+00,0.000000E+00,0.000000E+00,0.000000E+00,0.000000E+00,0.000000E+00,0.000000E+00,0.000000E+00,0.000000E+00,1.502838E+01,3.304498E+01,2.614370E+01,3.620110E+01
06:45:00,1.244331E+03,0.000000E+00,3.718789E-02,0.000000E+00,0.000000E+00,0.000000E+00,0.000000E+00,0.000000E+00,0.000000E+00,0.000000E+00,0.000000E+00,0.000000E+00,1.502814E+01,3.241738E+01,2.552721E+01,3.738050E+01,1.179798E+03,0.000000E+00,3.525925E-02,0.000000E+00,0.000000E+00,0.000000E+00,0.000000E+00,0.000000E+00,0.000000E+00,0.000000E+00,0.000000E+00,0.000000E+00,1.502813E+01,3.230586E+01,2.616449E+01,3.606413E+01,1.423140E+03,0.000000E+00,4.253177E-02,0.000000E+00,0.000000E+00,0.000000E+00,0.000000E+00,0.000000E+00,0.000000E+00,0.000000E+00,0.000000E+00,0.000000E+00,1.502816E+01,3.268335E+01,2.620228E+01,3.603633E+01
07:00:00,1.285683E+03,0.000000E+00,3.842356E-02,0.000000E+00,0.000000E+00,0.000000E+00,0.000000E+00,0.000000E+00,0.000000E+00,0.000000E+00,0.000000E+00,0.000000E+00,1.502790E+01,3.216711E+01,2.562337E+01,3.715315E+01,1.221185E+03,0.000000E+00,3.649599E-02,0.000000E+00,0.000000E+00,0.000000E+00,0.000000E+00,0.000000E+00,0.000000E+00,0.000000E+00,0.000000E+00,0.000000E+00,1.502790E+01,3.205302E+01,2.626278E+01,3.582931E+01,1.464412E+03,0.000000E+00,4.376502E-02,0.000000E+00,0.000000E+00,0.000000E+00,0.000000E+00,0.000000E+00,0.000000E+00,0.000000E+00,0.000000E+00,0.000000E+00,1.502789E+01,3.244288E+01,2.629690E+01,3.580032E+01
07:15:00,1.710064E+03,8.370833E+01,5.394846E-02,7.395573E-03,0.000000E+00,0.000000E+00,0.000000E+00,0.000000E+00,0.000000E+00,0.000000E+00,0.000000E+00,0.000000E+00,1.990695E+01,2.421266E+01,2.471164E+01,4.018848E+01,1.637432E+03,1.304291E+02,5.164545E-02,1.116459E-02,0.000000E+00,0.000000E+00,0.000000E+00,0.000000E+00,0.000000E+00,0.000000E+00,0.000000E+00,0.000000E+00,1.991041E+01,2.413632E+01,2.483844E+01,4.031343E+01,1.903290E+03,1.323510E+02,6.004337E-02,1.131352E-02,0.000000E+00,0.000000E+00,0.000000E+00,0.000000E+00,0.000000E+00,0.000000E+00,0.000000E+00,0.000000E+00,1.989834E+01,2.439157E+01,2.484378E+01,4.034388E+01
07:30:00,1.903510E+03,1.199145E+02,6.263246E-02,1.080125E-02,0.000000E+00,0.000000E+00,0.000000E+00,0.000000E+00,0.000000E+00,0.000000E+00,0.000000E+00,0.000000E+00,2.027955E+01,2.392179E+01,2.455034E+01,4.129877E+01,1.827667E+03,1.876139E+02,6.012442E-02,1.654352E-02,0.000000E+00,0.000000E+00,0.000000E+00,0.000000E+00,0.000000E+00,0.000000E+00,0.000000E+00,0.000000E+00,2.027955E+01,2.385763E+01,2.455047E+01,4.199736E+01,2.097129E+03,1.885985E+02,6.899350E-02,1.660429E-02,0.000000E+00,0.000000E+00,0.000000E+00,0.000000E+00,0.000000E+00,0.000000E+00,0.000000E+00,0.000000E+00,2.027955E+01,2.406499E+01,2.455047E+01,4.204112E+01
07:45:00,2.221800E+03,1.948752E+02,7.575414E-02,1.785206E-02,0.000000E+00,0.000000E+00,0.000000E+00,0.000000E+00,0.000000E+00,0.000000E+00,0.000000E+00,0.000000E+00,2.027818E+01,2.410319E+01,2.455069E+01,4.183005E+01,2.141915E+03,2.970517E+02,7.301156E-02,2.683707E-02,0.000000E+00,0.000000E+00,0.000000E+00,0.000000E+00,0.000000E+00,0.000000E+00,0.000000E+00,0.000000E+00,2.027816E+01,2.405121E+01,2.455088E+01,4.269756E+01,2.409068E+03,2.968734E+02,8.214147E-02,2.678849E-02,0.000000E+00,0.000000E+00,0.000000E+00,0.000000E+00,0.000000E+00,0.000000E+00,0.000000E+00,0.000000E+00,2.027824E+01,2.421490E+01,2.455086E+01,4.273104E+01
08:00:00,2.494590E+03,2.670014E+02,8.726249E-02,2.463590E-02,0.000000E+00,0.000000E+00,0.000000E+00,0.000000E+00,0.000000E+00,0.000000E+00,0.000000E+00,0.000000E+00,2.027774E+01,2.420787E+01,2.455126E+01,4.257387E+01,2.409943E+03,3.991024E+02,8.425984E-02,3.643533E-02,0.000000E+00,0.000000E+00,0.000000E+00,0.000000E+00,0.000000E+00,0.000000E+00,0.000000E+00,0.000000E+00,2.027771E+01,2.416675E+01,2.455140E+01,4.350471E+01,2.674824E+03,3.971521E+02,9.365170E-02,3.622010E-02,0.000000E+00,0.000000E+00,0.000000E+00,0.000000E+00,0.000000E+00,0.000000E+00,0.000000E+00,0.000000E+00,2.027783E+01,2.428704E+01,2.455137E+01,4.351749E+01
08:15:00,2.335132E+03,2.648540E+02,8.295625E-02,2.491170E-02,0.000000E+00,0.000000E+00,0.000000E+00,0.000000E+00,0.000000E+00,0.000000E+00,0.000000E+00,0.000000E+00,2.027793E+01,2.417052E+01,2.455105E+01,4.306486E+01,2.254765E+03,3.796754E+02,8.010114E-02,3.571124E-02,0.000000E+00,0.000000E+00,0.000000E+00,0.000000E+00,0.000000E+00,0.000000E+00,0.000000E+00,0.000000E+00,2.027792E+01,2.413198E+01,2.455107E+01,4.389860E+01,2.493717E+03,3.737707E+02,8.859020E-02,3.515593E-02,0.000000E+00,0.000000E+00,0.000000E+00,0.000000E+00,0.000000E+00,0.000000E+00,0.000000E+00,0.000000E+00,2.027796E+01,2.423752E+01,2.455105E+01,4.389271E+01
08:30:00,2.398339E+03,3.237780E+02,8.520061E-02,3.045372E-02,0.000000E+00,0.000000E+00,0.000000E+00,0.000000E+00,0.000000E+00,0.000000E+00,0.000000E+00,0.000000E+00,2.027793E+01,2.411677E+01,2.455101E+01,4.340112E+01,2.317808E+03,4.468002E+02,8.233970E-02,4.202459E-02,0.000000E+00,0.000000E+00,0.000000E+00,0.000000E+00,0.000000E+00,0.000000E+00,0.000000E+00,0.000000E+00,2.027793E+01,2.407708E+01,2.455096E+01,4.409057E+01,2.549363E+03,4.398052E+02,9.056586E-02,4.136676E-02,0.000000E+00,0.000000E+00,0.000000E+00,0.000000E+00,0.000000E+00,0.000000E+00,0.000000E+00,0.000000E+00,2.027794E+01,2.418429E+01,2.455095E+01,4.407318E+01
08:45:00,2.329641E+03,3.579592E+02,8.275987E-02,3.366847E-02,0.000000E+00,0.000000E+00,0.000000E+00,0.000000E+00,0.000000E+00,0.000000E+00,0.000000E+00,0.000000E+00,2.027788E+01,2.408749E+01,2.455103E+01,4.368033E+01,2.250262E+03,4.758143E+02,7.993992E-02,4.475351E-02,0.000000E+00,0.000000E+00,0.000000E+00,0.000000E+00,0.000000E+00,0.000000E+00,0.000000E+00,0.000000E+00,2.027788E+01,2.404644E+01,2.455097E+01,4.423517E+01,2.479964E+03,4.680684E+02,8.810017E-02,4.402504E-02,0.000000E+00,0.000000E+00,0.000000E+00,0.000000E+00,0.000000E+00,0.000000E+00,0.000000E+00,0.000000E+00,2.027788E+01,2.415876E+01,2.455096E+01,4.421361E+01
09:00:00,2.300231E+03,4.105514E+02,8.171521E-02,3.861526E-02,0.000000E+00,0.000000E+00,0.000000E+00,0.000000E+00,0.000000E+00,0.000000E+00,0.000000E+00,0.000000E+00,2.027785E+01,2.407569E+01,2.455106E+01,4.393755E+01,2.223141E+03,5.277378E+02,7.897655E-02,4.963769E-02,0.000000E+00,0.000000E+00,0.000000E+00,0.000000E+00,0.000000E+00,0.000000E+00,0.000000E+00,0.000000E+00,2.027784E+01,2.403430E+01,2.455099E+01,4.438359E+01,2.450667E+03,5.198170E+02,8.705943E-02,4.889273E-02,0.000000E+00,0.000000E+00,0.000000E+00,0.000000E+00,0.000000E+00,0.000000E+00,0.000000E+00,0.000000E+00,2.027785E+01,2.414961E+01,2.455099E+01,4.436290E+01
09:15:00,2.275699E+03,4.703605E+02,8.084362E-02,4.424071E-02,0.000000E+00,0.000000E+00,0.000000E+00,0.000000E+00,0.000000E+00,0.000000E+00,0.000000E+00,0.000000E+00,2.027785E+01,2.406791E+01,2.455106E+01,4.417455E+01,2.200274E+03,5.874768E+02,7.816417E-02,5.525665E-02,0.000000E+00,0.000000E+00,0.000000E+00,0.000000E+00,0.000000E+00,0.000000E+00,0.000000E+00,0.000000E+00,2.027784E+01,2.402687E+01,2.455100E+01,4.453380E+01,2.426282E+03,5.797538E+02,8.619309E-02,5.453027E-02,0.000000E+00,0.000000E+00,0.000000E+00,0.000000E+00,0.000000E+00,0.000000E+00,0.000000E+00,0.000000E+00,2.027785E+01,2.414311E+01,2.455100E+01,4.451590E+01
09:30:00,2.254577E+03,5.343646E+02,8.009322E-02,5.026070E-02,0.000000E+00,0.000000E+00,0.000000E+00,0.000000E+00,0.000000E+00,0.000000E+00,0.000000E+00,0.000000E+00,2.027785E+01,2.405879E+01,2.455106E+01,4.438410E+01,2.180567E+03,6.516919E+02,7.746401E-02,6.129651E-02,0.000000E+00,0.000000E+00,0.000000E+00,0.000000E+00,0.000000E+00,0.000000E+00,0.000000E+00,0.000000E+00,2.027784E+01,2.401813E+01,2.455100E+01,4.467309E+01,2.405371E+03,6.442827E+02,8.545013E-02,6.059963E-02,0.000000E+00,0.000000E+00,0.000000E+00,0.000000E+00,0.000000E+00,0.000000E+00,0.000000E+00,0.000000E+00,2.027785E+01,2.413476E+01,2.455100E+01,4.465842E+01
09:45:00,2.236065E+03,6.031206E+02,7.943556E-02,5.672768E-02,0.000000E+00,0.000000E+00,0.000000E+00,0.000000E+00,0.000000E+00,0.000000E+00,0.000000E+00,0.000000E+00,2.027785E+01,2.404868E+01,2.455104E+01,4.456304E+01,2.163246E+03,7.207044E+02,7.684866E-02,6.778763E-02,0.000000E+00,0.000000E+00,0.000000E+00,0.000000E+00,0.000000E+00,0.000000E+00,0.000000E+00,0.000000E+00,2.027784E+01,2.400820E+01,2.455099E+01,4.479508E+01,2.387064E+03,7.136494E+02,8.479975E-02,6.712405E-02,0.000000E+00,0.000000E+00,0.000000E+00,0.000000E+00,0.000000E+00,0.000000E+00,0.000000E+00,0.000000E+00,2.027785E+01,2.412549E+01,2.455099E+01,4.478343E+01
10:00:00,2.219754E+03,6.758250E+02,7.885612E-02,6.356610E-02,0.000000E+00,0.000000E+00,0.000000E+00,0.000000E+00,0.000000E+00,0.000000E+00,0.000000E+00,0.000000E+00,2.027784E+01,2.403901E+01,2.455102E+01,4.471349E+01,2.147904E+03,7.937731E+02,7.630362E-02,7.466032E-02,0.000000E+00,0.000000E+00,0.000000E+00,0.000000E+00,0.000000E+00,0.000000E+00,0.000000E+00,0.000000E+00,2.027783E+01,2.399859E+01,2.455097E+01,4.490054E+01,2.370899E+03,7.872978E+02,8.422549E-02,7.405126E-02,0.000000E+00,0.000000E+00,0.000000E+00,0.000000E+00,0.000000E+00,0.000000E+00,0.000000E+00,0.000000E+00,2.027784E+01,2.411683E+01,2.455098E+01,4.489152E+01
10:15:00,2.205115E+03,7.511362E+02,7.833606E-02,7.064976E-02,0.000000E+00,0.000000E+00,0.000000E+00,0.000000E+00,0.000000E+00,0.000000E+00,0.000000E+00,0.000000E+00,2.027784E+01,2.403043E+01,2.455100E+01,4.483980E+01,2.134175E+03,8.694338E+02,7.581593E-02,8.177687E-02,0.000000E+00,0.000000E+00,0.000000E+00,0.000000E+00,0.000000E+00,0.000000E+00,0.000000E+00,0.000000E+00,2.027783E+01,2.399003E+01,2.455096E+01,4.499207E+01,2.356467E+03,8.636494E+02,8.371281E-02,8.123278E-02,0.000000E+00,0.000000E+00,0.000000E+00,0.000000E+00,0.000000E+00,0.000000E+00,0.000000E+00,0.000000E+00,2.027784E+01,2.410929E+01,2.455096E+01,4.498527E+01
10:30:00,2.191901E+03,8.279423E+02,7.786663E-02,7.787409E-02,0.000000E+00,0.000000E+00,0.000000E+00,0.000000E+00,0.000000E+00,0.000000E+00,0.000000E+00,0.000000E+00,2.027783E+01,2.402285E+01,2.455097E+01,4.494484E+01,2.121812E+03,9.465768E+02,7.537671E-02,8.903288E-02,0.000000E+00,0.000000E+00,0.000000E+00,0.000000E+00,0.000000E+00,0.000000E+00,0.000000E+00,0.000000E+00,2.027783E+01,2.398250E+01,2.455094E+01,4.507075E+01,2.343497E+03,9.416095E+02,8.325206E-02,8.856564E-02,0.000000E+00,0.000000E+00,0.000000E+00,0.000000E+00,0.000000E+00,0.000000E+00,0.000000E+00,0.000000E+00,2.027784E+01,2.410269E+01,2.455095E+01,4.506578E+01
10:45:00,2.179931E+03,9.047184E+02,7.744140E-02,8.509563E-02,0.000000E+00,0.000000E+00,0.000000E+00,0.000000E+00,0.000000E+00,0.000000E+00,0.000000E+00,0.000000E+00,2.027783E+01,2.401601E+01,2.455095E+01,4.503197E+01,2.110611E+03,1.023525E+03,7.497879E-02,9.627057E-02,0.000000E+00,0.000000E+00,0.000000E+00,0.000000E+00,0.000000E+00,0.000000E+00,0.000000E+00,0.000000E+00,2.027782E+01,2.397573E+01,2.455093E+01,4.513785E+01,2.331769E+03,1.019471E+03,8.283541E-02,9.588929E-02,0.000000E+00,0.000000E+00,0.000000E+00,0.000000E+00,0.000000E+00,0.000000E+00,0.000000E+00,0.000000E+00,2.027783E+01,2.409673E+01,2.455093E+01,4.513437E+01
11:00:00,2.169010E+03,9.800675E+02,7.705342E-02,9.218297E-02,0.000000E+00,0.000000E+00,0.000000E+00,0.000000E+00,0.000000E+00,0.000000E+00,0.000000E+00,0.000000E+00,2.027783E+01,2.400969E+01,2.455093E+01,4.510422E+01,2.100405E+03,1.098960E+03,7.461622E-02,1.033660E-01,0.000000E+00,0.000000E+00,0.000000E+00,0.000000E+00,0.000000E+00,0.000000E+00,0.000000E+00,0.000000E+00,2.027782E+01,2.396950E+01,2.455091E+01,4.519477E+01,2.321100E+03,1.095885E+03,8.245638E-02,1.030768E-01,0.000000E+00,0.000000E+00,0.000000E+00,0.000000E+00,0.000000E+00,0.000000E+00,0.000000E+00,0.000000E+00,2.027783E+01,2.409123E+01,2.455091E+01,4.519246E+01
11:15:00,2.159009E+03,1.052325E+03,7.669812E-02,9.897959E-02,0.000000E+00,0.000000E+00,0.000000E+00,0.000000E+00,0.000000E+00,0.000000E+00,0.000000E+00,0.000000E+00,2.027783E+01,2.400384E+01,2.455091E+01,4.516437E+01,2.091059E+03,1.171089E+03,7.428419E-02,1.101505E-01,0.000000E+00,0.000000E+00,0.000000E+00,0.000000E+00,0.000000E+00,0.000000E+00,0.000000E+00,0.000000E+00,2.027782E+01,2.396372E+01,2.455090E+01,4.524301E+01,2.311344E+03,1.169017E+03,8.210977E-02,1.099555E-01,0.000000E+00,0.000000E+00,0.000000E+00,0.000000E+00,0.000000E+00,0.000000E+00,0.000000E+00,0.000000E+00,2.027783E+01,2.408614E+01,2.455090E+01,4.524163E+01
11:30:00,2.149797E+03,1.120393E+03,7.637085E-02,1.053821E-01,0.000000E+00,0.000000E+00,0.000000E+00,0.000000E+00,0.000000E+00,0.000000E+00,0.000000E+00,0.000000E+00,2.027783E+01,2.399840E+01,2.455090E+01,4.521333E+01,2.082460E+03,1.238921E+03,7.397873E-02,1.165308E-01,0.000000E+00,0.000000E+00,0.000000E+00,0.000000E+00,0.000000E+00,0.000000E+00,0.000000E+00,0.000000E+00,2.027782E+01,2.395835E+01,2.455088E+01,4.528270E+01,2.302379E+03,1.237823E+03,8.179132E-02,1.164276E-01,0.000000E+00,0.000000E+00,0.000000E+00,0.000000E+00,0.000000E+00,0.000000E+00,0.000000E+00,0.000000E+00,2.027783E+01,2.408142E+01,2.455088E+01,4.528203E+01
11:45:00,2.141286E+03,1.183709E+03,7.606851E-02,1.113376E-01,0.000000E+00,0.000000E+00,0.000000E+00,0.000000E+00,0.000000E+00,0.000000E+00,0.000000E+00,0.000000E+00,2.027782E+01,2.399334E+01,2.455088E+01,4.525312E+01,2.074517E+03,1.301795E+03,7.369655E-02,1.224448E-01,0.000000E+00,0.000000E+00,0.000000E+00,0.000000E+00,0.000000E+00,0.000000E+00,0.000000E+00,0.000000E+00,2.027782E+01,2.395337E+01,2.455087E+01,4.531530E+01,2.294109E+03,1.301666E+03,8.149749E-02,1.224327E-01,0.000000E+00,0.000000E+00,0.000000E+00,0.000000E+00,0.000000E+00,0.000000E+00,0.000000E+00,0.000000E+00,2.027783E+01,2.407705E+01,2.455087E+01,4.531516E+01
12:00:00,2.133387E+03,1.241621E+03,7.578788E-02,1.167849E-01,0.000000E+00,0.000000E+00,0.000000E+00,0.000000E+00,0.000000E+00,0.000000E+00,0.000000E+00,0.000000E+00,2.027782E+01,2.398862E+01,2.455087E+01,4.528611E+01,2.067151E+03,1.359174E+03,7.343488E-02,1.278419E-01,0.000000E+00,0.000000E+00,0.000000E+00,0.000000E+00,0.000000E+00,0.000000E+00,0.000000E+00,0.000000E+00,2.027782E+01,2.394872E+01,2.455086E+01,4.534257E+01,2.286448E+03,1.359994E+03,8.122535E-02,1.279191E-01,0.000000E+00,0.000000E+00,0.000000E+00,0.000000E+00,0.000000E+00,0.000000E+00,0.000000E+00,0.000000E+00,2.027783E+01,2.407298E+01,2.455086E+01,4.534286E+01
12:15:00,2.126036E+03,1.294347E+03,7.552676E-02,1.217445E-01,0.000000E+00,0.000000E+00,0.000000E+00,0.000000E+00,0.000000E+00,0.000000E+00,0.000000E+00,0.000000E+00,2.027782E+01,2.398421E+01,2.455086E+01,4.531383E+01,2.060296E+03,1.411260E+03,7.319135E-02,1.327413E-01,0.000000E+00,0.000000E+00,0.000000E+00,0.000000E+00,0.000000E+00,0.000000E+00,0.000000E+00,0.000000E+00,2.027781E+01,2.394438E+01,2.455085E+01,4.536570E+01,2.279328E+03,1.412999E+03,8.097241E-02,1.329048E-01,0.000000E+00,0.000000E+00,0.000000E+00,0.000000E+00,0.000000E+00,0.000000E+00,0.000000E+00,0.000000E+00,2.027782E+01,2.406918E+01,2.455085E+01,4.536637E+01
12:30:00,2.119198E+03,1.341463E+03,7.528384E-02,1.261763E-01,0.000000E+00,0.000000E+00,0.000000E+00,0.000000E+00,0.000000E+00,0.000000E+00,0.000000E+00,0.000000E+00,2.027782E+01,2.398007E+01,2.455085E+01,4.533673E+01,2.053922E+03,1.457661E+03,7.296490E-02,1.371058E-01,0.000000E+00,0.000000E+00,0.000000E+00,0.000000E+00,0.000000E+00,0.000000E+00,0.000000E+00,0.000000E+00,2.027781E+01,2.394031E+01,2.455084E+01,4.538488E+01,2.272720E+03,1.460352E+03,8.073766E-02,1.373589E-01,0.000000E+00,0.000000E+00,0.000000E+00,0.000000E+00,0.000000E+00,0.000000E+00,0.000000E+00,0.000000E+00,2.027782E+01,2.406562E+01,2.455084E+01,4.538586E+01
12:45:00,2.112810E+03,1.382739E+03,7.505689E-02,1.300587E-01,0.000000E+00,0.000000E+00,0.000000E+00,0.000000E+00,0.000000E+00,0.000000E+00,0.000000E+00,0.000000E+00,2.027782E+01,2.397620E+01,2.455084E+01,4.535535E+01,2.047964E+03,1.498138E+03,7.275323E-02,1.409132E-01,0.000000E+00,0.000000E+00,0.000000E+00,0.000000E+00,0.000000E+00,0.000000E+00,0.000000E+00,0.000000E+00,2.027781E+01,2.393650E+01,2.455083E+01,4.540051E+01,2.266554E+03,1.501757E+03,8.051862E-02,1.412536E-01,0.000000E+00,0.000000E+00,0.000000E+00,0.000000E+00,0.000000E+00,0.000000E+00,0.000000E+00,0.000000E+00,2.027782E+01,2.406230E+01,2.455083E+01,4.540179E+01
13:00:00,2.106813E+03,1.420725E+03,7.484384E-02,1.336318E-01,0.000000E+00,0.000000E+00,0.000000E+00,0.000000E+00,0.000000E+00,0.000000E+00,0.000000E+00,0.000000E+00,2.027782E+01,2.397255E+01,2.455083E+01,4.537050E+01,2.042370E+03,1.535279E+03,7.255452E-02,1.444067E-01,0.000000E+00,0.000000E+00,0.000000E+00,0.000000E+00,0.000000E+00,0.000000E+00,0.000000E+00,0.000000E+00,2.027781E+01,2.393292E+01,2.455082E+01,4.541320E+01,2.260776E+03,1.539945E+03,8.031333E-02,1.448456E-01,0.000000E+00,0.000000E+00,0.000000E+00,0.000000E+00,0.000000E+00,0.000000E+00,0.000000E+00,0.000000E+00,2.027782E+01,2.405919E+01,2.455082E+01,4.541475E+01
13:15:00,2.101173E+03,1.459298E+03,7.464348E-02,1.372600E-01,0.000000E+00,0.000000E+00,0.000000E+00,0.000000E+00,0.000000E+00,0.000000E+00,0.000000E+00,0.000000E+00,2.027782E+01,2.396911E+01,2.455082E+01,4.538482E+01,2.037104E+03,1.572999E+03,7.236743E-02,1.479547E-01,0.000000E+00,0.000000E+00,0.000000E+00,0.000000E+00,0.000000E+00,0.000000E+00,0.000000E+00,0.000000E+00,2.027781E+01,2.392953E+01,2.455082E+01,4.542536E+01,2.255345E+03,1.578995E+03,8.012041E-02,1.485187E-01,0.000000E+00,0.000000E+00,0.000000E+00,0.000000E+00,0.000000E+00,0.000000E+00,0.000000E+00,0.000000E+00,2.027782E+01,2.405624E+01,2.455082E+01,4.542724E+01
13:30:00,2.095822E+03,1.502144E+03,7.445341E-02,1.412901E-01,0.000000E+00,0.000000E+00,0.000000E+00,0.000000E+00,0.000000E+00,0.000000E+00,0.000000E+00,0.000000E+00,2.027782E+01,2.396582E+01,2.455083E+01,4.540064E+01,2.032104E+03,1.614986E+03,7.218982E-02,1.519040E-01,0.000000E+00,0.000000E+00,0.000000E+00,0.000000E+00,0.000000E+00,0.000000E+00,0.000000E+00,0.000000E+00,2.027781E+01,2.392630E+01,2.455082E+01,4.543897E+01,2.250197E+03,1.622688E+03,7.993753E-02,1.526285E-01,0.000000E+00,0.000000E+00,0.000000E+00,0.000000E+00,0.000000E+00,0.000000E+00,0.000000E+00,0.000000E+00,2.027782E+01,2.405343E+01,2.455082E+01,4.544130E+01
13:45:00,2.090753E+03,1.551750E+03,7.427333E-02,1.459560E-01,0.000000E+00,0.000000E+00,0.000000E+00,0.000000E+00,0.000000E+00,0.000000E+00,0.000000E+00,0.000000E+00,2.027782E+01,2.396270E+01,2.455083E+01,4.541871E+01,2.027359E+03,1.664005E+03,7.202124E-02,1.565147E-01,0.000000E+00,0.000000E+00,0.000000E+00,0.000000E+00,0.000000E+00,0.000000E+00,0.000000E+00,0.000000E+00,2.027781E+01,2.392323E+01,2.455082E+01,4.545466E+01,2.245321E+03,1.673955E+03,7.976429E-02,1.574506E-01,0.000000E+00,0.000000E+00,0.000000E+00,0.000000E+00,0.000000E+00,0.000000E+00,0.000000E+00,0.000000E+00,2.027782E+01,2.405077E+01,2.455082E+01,4.545755E+01
14:00:00,2.085946E+03,1.607406E+03,7.410255E-02,1.511910E-01,0.000000E+00,0.000000E+00,0.000000E+00,0.000000E+00,0.000000E+00,0.000000E+00,0.000000E+00,0.000000E+00,2.027782E+01,2.395973E+01,2.455083E+01,4.543805E+01,2.022851E+03,1.719174E+03,7.186110E-02,1.617039E-01,0.000000E+00,0.000000E+00,0.000000E+00,0.000000E+00,0.000000E+00,0.000000E+00,0.000000E+00,0.000000E+00,2.027781E+01,2.392029E+01,2.455082E+01,4.547163E+01,2.240700E+03,1.731810E+03,7.960014E-02,1.628924E-01,0.000000E+00,0.000000E+00,0.000000E+00,0.000000E+00,0.000000E+00,0.000000E+00,0.000000E+00,0.000000E+00,2.027782E+01,2.404824E+01,2.455082E+01,4.547513E+01
14:15:00,2.081380E+03,1.665229E+03,7.394033E-02,1.566298E-01,0.000000E+00,0.000000E+00,0.000000E+00,0.000000E+00,0.000000E+00,0.000000E+00,0.000000E+00,0.000000E+00,2.027781E+01,2.395690E+01,2.455083E+01,4.545727E+01,2.018559E+03,1.776743E+03,7.170864E-02,1.671187E-01,0.000000E+00,0.000000E+00,0.000000E+00,0.000000E+00,0.000000E+00,0.000000E+00,0.000000E+00,0.000000E+00,2.027781E+01,2.391750E+01,2.455082E+01,4.548858E+01,2.236313E+03,1.792392E+03,7.944429E-02,1.685906E-01,0.000000E+00,0.000000E+00,0.000000E+00,0.000000E+00,0.000000E+00,0.000000E+00,0.000000E+00,0.000000E+00,2.027782E+01,2.404583E+01,2.455082E+01,4.549269E+01
14:30:00,2.077033E+03,1.721992E+03,7.378590E-02,1.619688E-01,0.000000E+00,0.000000E+00,0.000000E+00,0.000000E+00,0.000000E+00,0.000000E+00,0.000000E+00,0.000000E+00,2.027781E+01,2.395419E+01,2.455082E+01,4.547427E+01,2.014465E+03,1.833366E+03,7.156317E-02,1.724447E-01,0.000000E+00,0.000000E+00,0.000000E+00,0.000000E+00,0.000000E+00,0.000000E+00,0.000000E+00,0.000000E+00,2.027781E+01,2.391482E+01,2.455082E+01,4.550361E+01,2.232140E+03,1.852229E+03,7.929605E-02,1.742189E-01,0.000000E+00,0.000000E+00,0.000000E+00,0.000000E+00,0.000000E+00,0.000000E+00,0.000000E+00,0.000000E+00,2.027782E+01,2.404352E+01,2.455082E+01,4.550829E+01
14:45:00,2.072889E+03,1.774959E+03,7.363870E-02,1.669509E-01,0.000000E+00,0.000000E+00,0.000000E+00,0.000000E+00,0.000000E+00,0.000000E+00,0.000000E+00,0.000000E+00,2.027781E+01,2.395161E+01,2.455082E+01,4.548866E+01,2.010550E+03,1.886102E+03,7.142410E-02,1.774050E-01,0.000000E+00,0.000000E+00,0.000000E+00,0.000000E+00,0.000000E+00,0.000000E+00,0.000000E+00,0.000000E+00,2.027781E+01,2.391225E+01,2.455081E+01,4.551635E+01,2.228164E+03,1.908237E+03,7.915478E-02,1.794870E-01,0.000000E+00,0.000000E+00,0.000000E+00,0.000000E+00,0.000000E+00,0.000000E+00,0.000000E+00,0.000000E+00,2.027782E+01,2.404133E+01,2.455081E+01,4.552155E+01
15:00:00,2.068931E+03,1.821538E+03,7.349808E-02,1.713322E-01,0.000000E+00,0.000000E+00,0.000000E+00,0.000000E+00,0.000000E+00,0.000000E+00,0.000000E+00,0.000000E+00,2.027781E+01,2.394913E+01,2.455081E+01,4.550071E+01,2.006800E+03,1.932428E+03,7.129087E-02,1.817625E-01,0.000000E+00,0.000000E+00,0.000000E+00,0.000000E+00,0.000000E+00,0.000000E+00,0.000000E+00,0.000000E+00,2.027781E+01,2.390979E+01,2.455081E+01,4.552700E+01,2.224367E+03,1.957828E+03,7.901992E-02,1.841516E-01,0.000000E+00,0.000000E+00,0.000000E+00,0.000000E+00,0.000000E+00,0.000000E+00,0.000000E+00,0.000000E+00,2.027782E+01,2.403922E+01,2.455081E+01,4.553269E+01
15:15:00,2.065145E+03,1.861734E+03,7.336360E-02,1.751130E-01,0.000000E+00,0.000000E+00,0.000000E+00,0.000000E+00,0.000000E+00,0.000000E+00,0.000000E+00,0.000000E+00,2.027781E+01,2.394676E+01,2.455081E+01,4.551044E+01,2.003200E+03,1.972137E+03,7.116300E-02,1.854975E-01,0.000000E+00,0.000000E+00,0.000000E+00,0.000000E+00,0.000000E+00,0.000000E+00,0.000000E+00,0.000000E+00,2.027780E+01,2.390741E+01,2.455080E+01,4.553561E+01,2.220737E+03,2.000811E+03,7.889095E-02,1.881946E-01,0.000000E+00,0.000000E+00,0.000000E+00,0.000000E+00,0.000000E+00,0.000000E+00,0.000000E+00,0.000000E+00,2.027782E+01,2.403721E+01,2.455080E+01,4.554176E+01
15:30:00,2.061518E+03,1.892695E+03,7.323474E-02,1.780253E-01,0.000000E+00,0.000000E+00,0.000000E+00,0.000000E+00,0.000000E+00,0.000000E+00,0.000000E+00,0.000000E+00,2.027781E+01,2.394448E+01,2.455080E+01,4.551792E+01,1.999739E+03,2.002569E+03,7.104005E-02,1.883600E-01,0.000000E+00,0.000000E+00,0.000000E+00,0.000000E+00,0.000000E+00,0.000000E+00,0.000000E+00,0.000000E+00,2.027780E+01,2.390513E+01,2.455079E+01,4.554213E+01,2.217260E+03,2.034373E+03,7.876743E-02,1.913515E-01,0.000000E+00,0.000000E+00,0.000000E+00,0.000000E+00,0.000000E+00,0.000000E+00,0.000000E+00,0.000000E+00,2.027782E+01,2.403527E+01,2.455079E+01,4.554876E+01
15:45:00,2.058038E+03,1.913191E+03,7.311112E-02,1.799533E-01,0.000000E+00,0.000000E+00,0.000000E+00,0.000000E+00,0.000000E+00,0.000000E+00,0.000000E+00,0.000000E+00,2.027781E+01,2.394229E+01,2.455079E+01,4.552230E+01,1.996406E+03,2.022289E+03,7.092163E-02,1.902150E-01,0.000000E+00,0.000000E+00,0.000000E+00,0.000000E+00,0.000000E+00,0.000000E+00,0.000000E+00,0.000000E+00,2.027780E+01,2.390292E+01,2.455079E+01,4.554587E+01,2.213924E+03,2.056976E+03,7.864894E-02,1.934776E-01,0.000000E+00,0.000000E+00,0.000000E+00,0.000000E+00,0.000000E+00,0.000000E+00,0.000000E+00,0.000000E+00,2.027781E+01,2.403341E+01,2.455079E+01,4.555298E+01
16:00:00,2.054695E+03,1.922688E+03,7.299234E-02,1.808466E-01,0.000000E+00,0.000000E+00,0.000000E+00,0.000000E+00,0.000000E+00,0.000000E+00,0.000000E+00,0.000000E+00,2.027781E+01,2.394017E+01,2.455078E+01,4.552366E+01,1.993190E+03,2.030948E+03,7.080738E-02,1.910296E-01,0.000000E+00,0.000000E+00,0.000000E+00,0.000000E+00,0.000000E+00,0.000000E+00,0.000000E+00,0.000000E+00,2.027780E+01,2.390079E+01,2.455078E+01,4.554682E+01,2.210720E+03,2.068273E+03,7.853510E-02,1.945403E-01,0.000000E+00,0.000000E+00,0.000000E+00,0.000000E+00,0.000000E+00,0.000000E+00,0.000000E+00,0.000000E+00,2.027781E+01,2.403162E+01,2.455078E+01,4.555437E+01
16:15:00,2.051479E+03,1.920364E+03,7.287809E-02,1.806282E-01,0.000000E+00,0.000000E+00,0.000000E+00,0.000000E+00,0.000000E+00,0.000000E+00,0.000000E+00,0.000000E+00,2.027781E+01,2.393814E+01,2.455078E+01,4.552249E+01,1.990082E+03,2.027644E+03,7.069699E-02,1.907190E-01,0.000000E+00,0.000000E+00,0.000000E+00,0.000000E+00,0.000000E+00,0.000000E+00,0.000000E+00,0.000000E+00,2.027780E+01,2.389872E+01,2.455078E+01,4.554552E+01,2.207638E+03,2.067245E+03,7.842560E-02,1.944438E-01,0.000000E+00,0.000000E+00,0.000000E+00,0.000000E+00,0.000000E+00,0.000000E+00,0.000000E+00,0.000000E+00,2.027781E+01,2.402989E+01,2.455078E+01,4.555353E+01
16:30:00,2.048380E+03,1.907968E+03,7.276802E-02,1.794624E-01,0.000000E+00,0.000000E+00,0.000000E+00,0.000000E+00,0.000000E+00,0.000000E+00,0.000000E+00,0.000000E+00,2.027781E+01,2.393617E+01,2.455077E+01,4.551897E+01,1.987076E+03,2.014207E+03,7.059018E-02,1.894551E-01,0.000000E+00,0.000000E+00,0.000000E+00,0.000000E+00,0.000000E+00,0.000000E+00,0.000000E+00,0.000000E+00,2.027780E+01,2.389672E+01,2.455077E+01,4.554204E+01,2.204668E+03,2.055815E+03,7.832011E-02,1.933688E-01,0.000000E+00,0.000000E+00,0.000000E+00,0.000000E+00,0.000000E+00,0.000000E+00,0.000000E+00,0.000000E+00,2.027781E+01,2.402822E+01,2.455077E+01,4.555054E+01
16:45:00,2.045393E+03,1.886948E+03,7.266189E-02,1.774853E-01,0.000000E+00,0.000000E+00,0.000000E+00,0.000000E+00,0.000000E+00,0.000000E+00,0.000000E+00,0.000000E+00,2.027781E+01,2.393427E+01,2.455077E+01,4.551325E+01,1.984163E+03,1.992123E+03,7.048669E-02,1.873781E-01,0.000000E+00,0.000000E+00,0.000000E+00,0.000000E+00,0.000000E+00,0.000000E+00,0.000000E+00,0.000000E+00,2.027780E+01,2.389477E+01,2.455077E+01,4.553660E+01,2.201804E+03,2.035543E+03,7.821837E-02,1.914622E-01,0.000000E+00,0.000000E+00,0.000000E+00,0.000000E+00,0.000000E+00,0.000000E+00,0.000000E+00,0.000000E+00,2.027781E+01,2.402661E+01,2.455077E+01,4.554564E+01
17:00:00,2.042508E+03,1.858589E+03,7.255940E-02,1.748179E-01,0.000000E+00,0.000000E+00,0.000000E+00,0.000000E+00,0.000000E+00,0.000000E+00,0.000000E+00,0.000000E+00,2.027781E+01,2.393243E+01,2.455077E+01,4.550577E+01,1.981337E+03,1.962686E+03,7.038629E-02,1.846093E-01,0.000000E+00,0.000000E+00,0.000000E+00,0.000000E+00,0.000000E+00,0.000000E+00,0.000000E+00,0.000000E+00,2.027780E+01,2.389288E+01,2.455076E+01,4.552953E+01,2.199039E+03,2.007706E+03,7.812013E-02,1.888438E-01,0.000000E+00,0.000000E+00,0.000000E+00,0.000000E+00,0.000000E+00,0.000000E+00,0.000000E+00,0.000000E+00,2.027781E+01,2.402505E+01,2.455076E+01,4.553916E+01
17:15:00,2.039720E+03,1.824160E+03,7.246036E-02,1.715796E-01,0.000000E+00,0.000000E+00,0.000000E+00,0.000000E+00,0.000000E+00,0.000000E+00,0.000000E+00,0.000000E+00,2.027781E+01,2.393065E+01,2.455076E+01,4.549677E+01,1.978592E+03,1.927210E+03,7.028878E-02,1.812725E-01,0.000000E+00,0.000000E+00,0.000000E+00,0.000000E+00,0.000000E+00,0.000000E+00,0.000000E+00,0.000000E+00,2.027780E+01,2.389104E+01,2.455076E+01,4.552113E+01,2.196366E+03,1.973670E+03,7.802516E-02,1.856425E-01,0.000000E+00,0.000000E+00,0.000000E+00,0.000000E+00,0.000000E+00,0.000000E+00,0.000000E+00,0.000000E+00,2.027781E+01,2.402354E+01,2.455076E+01,4.553139E+01
17:30:00,2.037022E+03,1.785831E+03,7.236452E-02,1.679745E-01,0.000000E+00,0.000000E+00,0.000000E+00,0.000000E+00,0.000000E+00,0.000000E+00,0.000000E+00,0.000000E+00,2.027781E+01,2.392892E+01,2.455076E+01,4.548613E+01,1.975922E+03,1.887794E+03,7.019395E-02,1.775651E-01,0.000000E+00,0.000000E+00,0.000000E+00,0.000000E+00,0.000000E+00,0.000000E+00,0.000000E+00,0.000000E+00,2.027780E+01,2.388925E+01,2.455076E+01,4.551120E+01,2.193779E+03,1.935583E+03,7.793325E-02,1.820601E-01,0.000000E+00,0.000000E+00,0.000000E+00,0.000000E+00,0.000000E+00,0.000000E+00,0.000000E+00,0.000000E+00,2.027781E+01,2.402208E+01,2.455076E+01,4.552215E+01
17:45:00,2.034410E+03,1.746499E+03,7.227172E-02,1.642749E-01,0.000000E+00,0.000000E+00,0.000000E+00,0.000000E+00,0.000000E+00,0.000000E+00,0.000000E+00,0.000000E+00,2.027781E+01,2.392725E+01,2.455076E+01,4.547443E+01,1.973324E+03,1.847472E+03,7.010165E-02,1.737724E-01,0.000000E+00,0.000000E+00,0.000000E+00,0.000000E+00,0.000000E+00,0.000000E+00,0.000000E+00,0.000000E+00,2.027780E+01,2.388750E+01,2.455076E+01,4.550035E+01,2.191272E+03,1.896581E+03,7.784422E-02,1.783916E-01,0.000000E+00,0.000000E+00,0.000000E+00,0.000000E+00,0.000000E+00,0.000000E+00,0.000000E+00,0.000000E+00,2.027781E+01,2.402066E+01,2.455076E+01,4.551206E+01
18:00:00,2.031877E+03,1.708830E+03,7.218175E-02,1.607318E-01,0.000000E+00,0.000000E+00,0.000000E+00,0.000000E+00,0.000000E+00,0.000000E+00,0.000000E+00,0.000000E+00,2.027781E+01,2.392562E+01,2.455077E+01,4.546311E+01,1.970793E+03,1.808770E+03,7.001172E-02,1.701321E-01,0.000000E+00,0.000000E+00,0.000000E+00,0.000000E+00,0.000000E+00,0.000000E+00,0.000000E+00,0.000000E+00,2.027780E+01,2.388580E+01,2.455076E+01,4.548986E+01,2.188842E+03,1.859336E+03,7.775789E-02,1.748883E-01,0.000000E+00,0.000000E+00,0.000000E+00,0.000000E+00,0.000000E+00,0.000000E+00,0.000000E+00,0.000000E+00,2.027781E+01,2.401928E+01,2.455076E+01,4.550239E+01
18:15:00,2.029420E+03,1.672733E+03,7.209446E-02,1.573366E-01,0.000000E+00,0.000000E+00,0.000000E+00,0.000000E+00,0.000000E+00,0.000000E+00,0.000000E+00,0.000000E+00,2.027781E+01,2.392404E+01,2.455077E+01,4.545297E+01,1.968324E+03,1.771783E+03,6.992401E-02,1.666531E-01,0.000000E+00,0.000000E+00,0.000000E+00,0.000000E+00,0.000000E+00,0.000000E+00,0.000000E+00,0.000000E+00,2.027780E+01,2.388413E+01,2.455077E+01,4.548049E+01,2.186484E+03,1.823903E+03,7.767410E-02,1.715555E-01,0.000000E+00,0.000000E+00,0.000000E+00,0.000000E+00,0.000000E+00,0.000000E+00,0.000000E+00,0.000000E+00,2.027781E+01,2.401794E+01,2.455077E+01,4.549391E+01
18:30:00,2.027034E+03,1.636555E+03,7.200969E-02,1.539336E-01,0.000000E+00,0.000000E+00,0.000000E+00,0.000000E+00,0.000000E+00,0.000000E+00,0.000000E+00,0.000000E+00,2.027781E+01,2.392251E+01,2.455077E+01,4.544227E+01,1.965914E+03,1.734753E+03,6.983840E-02,1.631701E-01,0.000000E+00,0.000000E+00,0.000000E+00,0.000000E+00,0.000000E+00,0.000000E+00,0.000000E+00,0.000000E+00,2.027780E+01,2.388250E+01,2.455077E+01,4.547059E+01,2.184193E+03,1.788439E+03,7.759272E-02,1.682198E-01,0.000000E+00,0.000000E+00,0.000000E+00,0.000000E+00,0.000000E+00,0.000000E+00,0.000000E+00,0.000000E+00,2.027781E+01,2.401664E+01,2.455077E+01,4.548494E+01
18:45:00,2.024715E+03,1.595958E+03,7.192732E-02,1.501150E-01,0.000000E+00,0.000000E+00,0.000000E+00,0.000000E+00,0.000000E+00,0.000000E+00,0.000000E+00,0.000000E+00,2.027781E+01,2.392101E+01,2.455077E+01,4.542934E+01,1.963560E+03,1.693325E+03,6.975477E-02,1.592733E-01,0.000000E+00,0.000000E+00,0.000000E+00,0.000000E+00,0.000000E+00,0.000000E+00,0.000000E+00,0.000000E+00,2.027780E+01,2.388091E+01,2.455077E+01,4.545865E+01,2.181966E+03,1.748388E+03,7.751359E-02,1.644526E-01,0.000000E+00,0.000000E+00,0.000000E+00,0.000000E+00,0.000000E+00,0.000000E+00,0.000000E+00,0.000000E+00,2.027781E+01,2.401537E+01,2.455077E+01,4.547401E+01
19:00:00,2.022460E+03,1.545358E+03,7.184720E-02,1.453556E-01,0.000000E+00,0.000000E+00,0.000000E+00,0.000000E+00,0.000000E+00,0.000000E+00,0.000000E+00,0.000000E+00,2.027781E+01,2.391955E+01,2.455076E+01,4.541265E+01,1.961258E+03,1.641955E+03,6.967302E-02,1.544415E-01,0.000000E+00,0.000000E+00,0.000000E+00,0.000000E+00,0.000000E+00,0.000000E+00,0.000000E+00,0.000000E+00,2.027780E+01,2.387934E+01,2.455076E+01,4.544329E+01,2.179799E+03,1.697910E+03,7.743662E-02,1.597046E-01,0.000000E+00,0.000000E+00,0.000000E+00,0.000000E+00,0.000000E+00,0.000000E+00,0.000000E+00,0.000000E+00,2.027781E+01,2.401413E+01,2.455076E+01,4.545972E+01
19:15:00,1.636508E+03,1.332490E+03,5.746049E-02,1.227444E-01,0.000000E+00,0.000000E+00,0.000000E+00,0.000000E+00,0.000000E+00,0.000000E+00,0.000000E+00,0.000000E+00,1.612644E+01,3.042762E+01,2.601073E+01,4.144893E+01,1.580938E+03,1.425675E+03,5.553960E-02,1.312165E-01,0.000000E+00,0.000000E+00,0.000000E+00,0.000000E+00,0.000000E+00,0.000000E+00,0.000000E+00,0.000000E+00,1.615280E+01,3.031754E+01,2.602359E+01,4.145522E+01,1.782707E+03,1.480410E+03,6.249230E-02,1.361871E-01,0.000000E+00,0.000000E+00,0.000000E+00,0.000000E+00,0.000000E+00,0.000000E+00,0.000000E+00,0.000000E+00,1.605565E+01,3.070860E+01,2.603134E+01,4.145666E+01
19:30:00,1.312370E+03,1.177620E+03,4.492965E-02,1.046954E-01,0.000000E+00,0.000000E+00,0.000000E+00,0.000000E+00,0.000000E+00,0.000000E+00,0.000000E+00,0.000000E+00,1.528037E+01,3.186696E+01,2.645026E+01,4.024542E+01,1.266094E+03,1.268778E+03,4.337101E-02,1.126542E-01,0.000000E+00,0.000000E+00,0.000000E+00,0.000000E+00,0.000000E+00,0.000000E+00,0.000000E+00,0.000000E+00,1.528877E+01,3.178533E+01,2.645026E+01,4.029396E+01,1.450863E+03,1.324107E+03,4.951691E-02,1.174690E-01,0.000000E+00,0.000000E+00,0.000000E+00,0.000000E+00,0.000000E+00,0.000000E+00,0.000000E+00,0.000000E+00,1.525832E+01,3.208187E+01,2.645027E+01,4.032018E+01
19:45:00,1.035537E+03,9.641149E+02,3.380696E-02,8.217629E-02,0.000000E+00,0.000000E+00,0.000000E+00,0.000000E+00,0.000000E+00,0.000000E+00,0.000000E+00,0.000000E+00,1.502924E+01,3.197125E+01,2.645077E+01,4.018933E+01,9.946509E+02,1.053276E+03,3.249572E-02,8.962746E-02,0.000000E+00,0.000000E+00,0.000000E+00,0.000000E+00,0.000000E+00,0.000000E+00,0.000000E+00,0.000000E+00,1.502924E+01,3.190768E+01,2.645078E+01,4.024339E+01,1.174035E+03,1.107927E+03,3.817255E-02,9.418275E-02,0.000000E+00,0.000000E+00,0.000000E+00,0.000000E+00,0.000000E+00,0.000000E+00,0.000000E+00,0.000000E+00,1.502919E+01,3.217317E+01,2.645079E+01,4.027396E+01
20:00:00,7.733340E+02,7.358689E+02,2.312436E-02,5.874030E-02,0.000000E+00,0.000000E+00,0.000000E+00,0.000000E+00,0.000000E+00,0.000000E+00,0.000000E+00,0.000000E+00,1.502817E+01,3.185238E+01,2.645067E+01,4.004488E+01,7.372944E+02,8.234941E+02,2.204435E-02,6.572282E-02,0.000000E+00,0.000000E+00,0.000000E+00,0.000000E+00,0.000000E+00,0.000000E+00,0.000000E+00,0.000000E+00,1.502815E+01,3.177986E+01,2.645070E+01,4.011821E+01,9.156925E+02,8.762893E+02,2.738330E-02,6.992515E-02,0.000000E+00,0.000000E+00,0.000000E+00,0.000000E+00,0.000000E+00,0.000000E+00,0.000000E+00,0.000000E+00,1.502810E+01,3.209270E+01,2.645071E+01,4.015944E+01
20:15:00,9.071993E+02,6.365374E+02,2.712135E-02,5.063330E-02,0.000000E+00,0.000000E+00,0.000000E+00,0.000000E+00,0.000000E+00,0.000000E+00,0.000000E+00,0.000000E+00,1.502793E+01,3.159175E+01,2.645063E+01,3.988008E+01,8.697184E+02,7.235885E+02,2.599945E-02,5.755766E-02,0.000000E+00,0.000000E+00,0.000000E+00,0.000000E+00,0.000000E+00,0.000000E+00,0.000000E+00,0.000000E+00,1.502792E+01,3.150667E+01,2.645067E+01,3.997841E+01,1.064682E+03,7.743999E+02,3.183532E-02,6.159939E-02,0.000000E+00,0.000000E+00,0.000000E+00,0.000000E+00,0.000000E+00,0.000000E+00,0.000000E+00,0.000000E+00,1.502784E+01,3.189406E+01,2.645068E+01,4.003017E+01
20:30:00,9.854264E+02,4.611688E+02,2.945020E-02,3.668320E-02,0.000000E+00,0.000000E+00,0.000000E+00,0.000000E+00,0.000000E+00,0.000000E+00,0.000000E+00,0.000000E+00,1.502770E+01,3.145350E+01,2.645051E+01,3.965740E+01,9.423202E+02,5.453814E+02,2.816193E-02,4.338172E-02,0.000000E+00,0.000000E+00,0.000000E+00,0.000000E+00,0.000000E+00,0.000000E+00,0.000000E+00,0.000000E+00,1.502769E+01,3.135539E+01,2.645057E+01,3.978702E+01,1.155053E+03,5.910758E+02,3.451954E-02,4.701639E-02,0.000000E+00,0.000000E+00,0.000000E+00,0.000000E+00,0.000000E+00,0.000000E+00,0.000000E+00,0.000000E+00,1.502764E+01,3.180469E+01,2.645058E+01,3.984993E+01
20:45:00,1.021811E+03,3.439005E+02,3.053720E-02,2.735540E-02,0.000000E+00,0.000000E+00,0.000000E+00,0.000000E+00,0.000000E+00,0.000000E+00,0.000000E+00,0.000000E+00,1.502758E+01,3.141071E+01,2.645043E+01,3.937842E+01,9.764178E+02,4.249849E+02,2.918061E-02,3.380511E-02,0.000000E+00,0.000000E+00,0.000000E+00,0.000000E+00,0.000000E+00,0.000000E+00,0.000000E+00,0.000000E+00,1.502757E+01,3.130178E+01,2.645050E+01,3.954803E+01,1.196053E+03,4.665143E+02,3.574444E-02,3.710849E-02,0.000000E+00,0.000000E+00,0.000000E+00,0.000000E+00,0.000000E+00,0.000000E+00,0.000000E+00,0.000000E+00,1.502754E+01,3.179171E+01,2.645052E+01,3.962467E+01
21:00:00,1.048300E+03,2.491115E+02,3.132870E-02,1.981557E-02,0.000000E+00,0.000000E+00,0.000000E+00,0.000000E+00,0.000000E+00,0.000000E+00,0.000000E+00,0.000000E+00,1.502753E+01,3.141969E+01,2.645041E+01,3.908392E+01,1.000974E+03,3.264551E+02,2.991434E-02,2.596776E-02,0.000000E+00,0.000000E+00,0.000000E+00,0.000000E+00,0.000000E+00,0.000000E+00,0.000000E+00,0.000000E+00,1.502752E+01,3.130255E+01,2.645049E+01,3.930149E+01,1.223620E+03,3.650688E+02,3.656811E-02,2.903922E-02,0.000000E+00,0.000000E+00,0.000000E+00,0.000000E+00,0.000000E+00,0.000000E+00,0.000000E+00,0.000000E+00,1.502750E+01,3.181461E+01,2.645053E+01,3.939564E+01
21:15:00,1.066857E+03,1.875411E+02,3.188317E-02,1.491805E-02,0.000000E+00,0.000000E+00,0.000000E+00,0.000000E+00,0.000000E+00,0.000000E+00,0.000000E+00,0.000000E+00,1.502751E+01,3.144862E+01,2.645039E+01,3.880021E+01,1.017803E+03,2.631242E+02,3.041718E-02,2.093021E-02,0.000000E+00,0.000000E+00,0.000000E+00,0.000000E+00,0.000000E+00,0.000000E+00,0.000000E+00,0.000000E+00,1.502749E+01,3.132618E+01,2.645049E+01,3.907182E+01,1.243370E+03,3.007514E+02,3.715824E-02,2.392321E-02,0.000000E+00,0.000000E+00,0.000000E+00,0.000000E+00,0.000000E+00,0.000000E+00,0.000000E+00,0.000000E+00,1.502749E+01,3.184790E+01,2.645054E+01,3.918715E+01
21:30:00,1.083251E+03,1.467044E+02,3.237306E-02,1.166971E-02,0.000000E+00,0.000000E+00,0.000000E+00,0.000000E+00,0.000000E+00,0.000000E+00,0.000000E+00,0.000000E+00,1.502750E+01,3.148237E+01,2.645035E+01,3.852675E+01,1.032709E+03,2.214395E+02,3.086261E-02,1.761445E-02,0.000000E+00,0.000000E+00,0.000000E+00,0.000000E+00,0.000000E+00,0.000000E+00,0.000000E+00,0.000000E+00,1.502749E+01,3.135644E+01,2.645048E+01,3.885913E+01,1.260644E+03,2.591879E+02,3.767445E-02,2.061709E-02,0.000000E+00,0.000000E+00,0.000000E+00,0.000000E+00,0.000000E+00,0.000000E+00,0.000000E+00,0.000000E+00,1.502749E+01,3.188110E+01,2.645053E+01,3.899875E+01
21:45:00,1.097878E+03,1.124909E+02,3.281017E-02,8.948191E-03,0.000000E+00,0.000000E+00,0.000000E+00,0.000000E+00,0.000000E+00,0.000000E+00,0.000000E+00,0.000000E+00,1.502750E+01,3.151568E+01,2.645030E+01,3.825460E+01,1.046143E+03,1.868719E+02,3.126407E-02,1.486477E-02,0.000000E+00,0.000000E+00,0.000000E+00,0.000000E+00,0.000000E+00,0.000000E+00,0.000000E+00,0.000000E+00,1.502749E+01,3.138737E+01,2.645045E+01,3.865411E+01,1.276030E+03,2.249723E+02,3.813423E-02,1.789541E-02,0.000000E+00,0.000000E+00,0.000000E+00,0.000000E+00,0.000000E+00,0.000000E+00,0.000000E+00,0.000000E+00,1.502749E+01,3.191167E+01,2.645051E+01,3.882081E+01
22:00:00,1.111158E+03,8.153381E+01,3.320705E-02,6.485701E-03,0.000000E+00,0.000000E+00,0.000000E+00,0.000000E+00,0.000000E+00,0.000000E+00,0.000000E+00,0.000000E+00,1.502751E+01,3.154738E+01,2.645023E+01,3.797398E+01,1.058213E+03,1.557265E+02,3.162476E-02,1.238732E-02,0.000000E+00,0.000000E+00,0.000000E+00,0.000000E+00,0.000000E+00,0.000000E+00,0.000000E+00,0.000000E+00,1.502749E+01,3.141734E+01,2.645041E+01,3.844799E+01,1.289823E+03,1.941904E+02,3.854645E-02,1.544688E-02,0.000000E+00,0.000000E+00,0.000000E+00,0.000000E+00,0.000000E+00,0.000000E+00,0.000000E+00,0.000000E+00,1.502750E+01,3.193962E+01,2.645048E+01,3.864454E+01
22:15:00,1.084318E+03,6.352005E+01,3.240494E-02,5.052802E-03,0.000000E+00,0.000000E+00,0.000000E+00,0.000000E+00,0.000000E+00,0.000000E+00,0.000000E+00,0.000000E+00,1.502751E+01,3.157721E+01,2.645015E+01,3.767836E+01,1.030316E+03,1.373961E+02,3.079107E-02,1.092926E-02,0.000000E+00,0.000000E+00,0.000000E+00,0.000000E+00,0.000000E+00,0.000000E+00,0.000000E+00,0.000000E+00,1.502750E+01,3.144595E+01,2.645036E+01,3.823498E+01,1.263307E+03,1.762309E+02,3.775403E-02,1.401832E-02,0.000000E+00,0.000000E+00,0.000000E+00,0.000000E+00,0.000000E+00,0.000000E+00,0.000000E+00,0.000000E+00,1.502750E+01,3.196530E+01,2.645044E+01,3.846441E+01
22:30:00,1.056442E+03,4.848742E+01,3.157191E-02,3.857022E-03,0.000000E+00,0.000000E+00,0.000000E+00,0.000000E+00,0.000000E+00,0.000000E+00,0.000000E+00,0.000000E+00,1.502778E+01,3.183847E+01,2.645024E+01,3.752986E+01,1.001486E+03,1.220577E+02,2.992955E-02,9.709165E-03,0.000000E+00,0.000000E+00,0.000000E+00,0.000000E+00,0.000000E+00,0.000000E+00,0.000000E+00,0.000000E+00,1.502779E+01,3.169954E+01,2.645045E+01,3.818836E+01,1.235643E+03,1.611791E+02,3.692735E-02,1.282102E-02,0.000000E+00,0.000000E+00,0.000000E+00,0.000000E+00,0.000000E+00,0.000000E+00,0.000000E+00,0.000000E+00,1.502773E+01,3.224025E+01,2.645053E+01,3.845717E+01
22:45:00,1.027690E+03,3.609586E+01,3.071275E-02,2.871321E-03,0.000000E+00,0.000000E+00,0.000000E+00,0.000000E+00,0.000000E+00,0.000000E+00,0.000000E+00,0.000000E+00,1.502792E+01,3.217023E+01,2.645016E+01,3.744527E+01,9.718704E+02,1.093105E+02,2.904457E-02,8.695192E-03,0.000000E+00,0.000000E+00,0.000000E+00,0.000000E+00,0.000000E+00,0.000000E+00,0.000000E+00,0.000000E+00,1.502792E+01,3.202456E+01,2.645039E+01,3.821371E+01,1.207029E+03,1.486078E+02,3.607232E-02,1.182104E-02,0.000000E+00,0.000000E+00,0.000000E+00,0.000000E+00,0.000000E+00,0.000000E+00,0.000000E+00,0.000000E+00,1.502790E+01,3.258161E+01,2.645048E+01,3.852260E+01
23:00:00,9.981679E+02,2.631285E+01,2.983062E-02,2.093113E-03,0.000000E+00,0.000000E+00,0.000000E+00,0.000000E+00,0.000000E+00,0.000000E+00,0.000000E+00,0.000000E+00,1.502809E+01,3.244082E+01,2.645008E+01,3.734277E+01,9.415483E+02,9.886777E+01,2.813852E-02,7.864524E-03,0.000000E+00,0.000000E+00,0.000000E+00,0.000000E+00,0.000000E+00,0.000000E+00,0.000000E+00,0.000000E+00,1.502809E+01,3.229341E+01,2.645032E+01,3.822295E+01,1.177573E+03,1.382131E+02,3.519219E-02,1.099421E-02,0.000000E+00,0.000000E+00,0.000000E+00,0.000000E+00,0.000000E+00,0.000000E+00,0.000000E+00,0.000000E+00,1.502810E+01,3.284710E+01,2.645041E+01,3.856942E+01
23:15:00,1.006875E+03,1.268758E+01,3.009100E-02,1.009259E-03,0.000000E+00,0.000000E+00,0.000000E+00,0.000000E+00,0.000000E+00,0.000000E+00,0.000000E+00,0.000000E+00,1.502824E+01,3.261880E+01,2.644572E+01,3.720136E+01,9.495456E+02,8.040496E+01,2.837768E-02,6.395890E-03,0.000000E+00,0.000000E+00,0.000000E+00,0.000000E+00,0.000000E+00,0.000000E+00,0.000000E+00,0.000000E+00,1.502822E+01,3.247390E+01,2.645026E+01,3.818405E+01,1.186350E+03,1.195884E+02,3.545471E-02,9.512712E-03,0.000000E+00,0.000000E+00,0.000000E+00,0.000000E+00,0.000000E+00,0.000000E+00,0.000000E+00,0.000000E+00,1.502826E+01,3.300906E+01,2.645034E+01,3.856618E+01
23:30:00,1.014996E+03,4.005824E+00,3.033384E-02,3.186525E-04,0.000000E+00,0.000000E+00,0.000000E+00,0.000000E+00,0.000000E+00,0.000000E+00,0.000000E+00,0.000000E+00,1.502834E+01,3.272569E+01,2.638754E+01,3.715925E+01,9.570063E+02,6.301653E+01,2.860076E-02,5.012734E-03,0.000000E+00,0.000000E+00,0.000000E+00,0.000000E+00,0.000000E+00,0.000000E+00,0.000000E+00,0.000000E+00,1.502832E+01,3.258510E+01,2.645020E+01,3.809742E+01,1.194493E+03,1.018758E+02,3.569823E-02,8.103791E-03,0.000000E+00,0.000000E+00,0.000000E+00,0.000000E+00,0.000000E+00,0.000000E+00,0.000000E+00,0.000000E+00,1.502837E+01,3.309685E+01,2.645029E+01,3.851552E+01
23:45:00,1.022579E+03,0.000000E+00,3.056055E-02,0.000000E+00,0.000000E+00,0.000000E+00,0.000000E+00,0.000000E+00,0.000000E+00,0.000000E+00,0.000000E+00,0.000000E+00,1.502839E+01,3.279111E+01,2.629319E+01,3.720167E+01,9.639755E+02,4.655910E+01,2.880914E-02,3.703623E-03,0.000000E+00,0.000000E+00,0.000000E+00,0.000000E+00,0.000000E+00,0.000000E+00,0.000000E+00,0.000000E+00,1.502838E+01,3.265477E+01,2.645015E+01,3.797196E+01,1.202068E+03,8.493074E+01,3.592475E-02,6.755916E-03,0.000000E+00,0.000000E+00,0.000000E+00,0.000000E+00,0.000000E+00,0.000000E+00,0.000000E+00,0.000000E+00,1.502842E+01,3.314536E+01,2.645025E+01,3.842840E+01
24:00:00,1.029692E+03,0.000000E+00,3.077320E-02,0.000000E+00,0.000000E+00,0.000000E+00,0.000000E+00,0.000000E+00,0.000000E+00,0.000000E+00,0.000000E+00,0.000000E+00,1.502842E+01,3.283521E+01,2.619218E+01,3.727350E+01,9.705135E+02,3.090155E+01,2.900460E-02,2.458126E-03,0.000000E+00,0.000000E+00,0.000000E+00,0.000000E+00,0.000000E+00,0.000000E+00,0.000000E+00,0.000000E+00,1.502841E+01,3.270229E+01,2.645009E+01,3.781446E+01,1.209144E+03,6.862338E+01,3.613632E-02,5.458750E-03,0.000000E+00,0.000000E+00,0.000000E+00,0.000000E+00,0.000000E+00,0.000000E+00,0.000000E+00,0.000000E+00,1.502845E+01,3.317633E+01,2.645020E+01,3.831305E+01
Peak,2.494590E+03,1.922688E+03,8.726249E-02,1.808466E-01,0.000000E+00,0.000000E+00,0.000000E+00,0.000000E+00,0.000000E+00,0.000000E+00,0.000000E+00,0.000000E+00,,,,,2.409943E+03,2.030948E+03,8.425984E-02,1.910296E-01,0.000000E+00,0.000000E+00,0.000000E+00,0.000000E+00,0.000000E+00,0.000000E+00,0.000000E+00,0.000000E+00,,,,,2.674824E+03,2.068273E+03,9.365170E-02,1.945403E-01,0.000000E+00,0.000000E+00,0.000000E+00,0.000000E+00,0.000000E+00,0.000000E+00,0.000000E+00,0.000000E+00,,,,

Peak Vol Flow (m3/s),,,7.242508E-02,1.500969E-01,,,0.000000E+00,0.000000E+00,,,,,,,,,,,6.993297E-02,1.585484E-01,,,0.000000E+00,0.000000E+00,,,,,,,,,,,7.772792E-02,1.614623E-01,,,0.000000E+00,0.000000E+00,,,,,,,,
